competition,match_id,date,season,team,opponent,win,chase,close_game,run_diff,runs,legal_balls_faced,runs_allowed,legal_balls_bowled,wickets_lost,wickets_taken,dot_balls_bat,dot_balls_bowl,boundaries,pp_runs,pp_legal_balls,death_runs,death_legal_balls,fielding_dismissals,run_rate,runs_per_ball,dot_ball_rate_bat,dot_ball_rate_bowl,bowler_wkts_per_match,powerplay_economy,death_economy,runs_allowed_per_legal_ball,boundary_rate_per_ball,death_run_rate,powerplay_run_rate,fielding_dismissals_per_match,n_matches,EDGE
PSL,1075986,2017-02-09,2016/17,Islamabad United,Peshawar Zalmi,1,1,0,-15,175,106,190,120,3,9,34,40,25,43,36,36,16,10,9.90566037735849,1.650943396226415,0.32075471698113206,0.3333333333333333,9,7.166666666666666,13.5,1.5833333333333333,0.2358490566037736,13.5,7.166666666666666,10,9,27.34375
PSL,1075986,2017-02-09,2016/17,Peshawar Zalmi,Islamabad United,0,0,0,15,190,120,175,106,9,3,40,34,23,52,36,41,30,10,9.5,1.5833333333333333,0.3333333333333333,0.32075471698113206,3,8.666666666666666,8.2,1.650943396226415,0.19166666666666668,8.2,8.666666666666666,10,10,83.59375
PSL,1075987,2017-02-10,2016/17,Lahore Qalandars,Quetta Gladiators,0,1,1,-8,128,112,136,120,10,9,44,41,15,57,36,24,22,10,6.857142857142857,1.1428571428571428,0.39285714285714285,0.3416666666666667,9,9.5,6.545454545454545,1.1333333333333333,0.13392857142857142,6.545454545454545,9.5,10,8,57.03125
PSL,1075987,2017-02-10,2016/17,Quetta Gladiators,Lahore Qalandars,1,0,1,8,136,120,128,112,9,10,41,44,12,26,36,47,30,10,6.8,1.1333333333333333,0.3416666666666667,0.39285714285714285,10,4.333333333333333,9.4,1.1428571428571428,0.1,9.4,4.333333333333333,10,9,49.21875
PSL,1075988,2017-02-10,2016/17,Karachi Kings,Peshawar Zalmi,0,0,0,-1,118,120,119,111,7,3,50,54,11,28,36,48,30,8,5.8999999999999995,0.9833333333333333,0.4166666666666667,0.4864864864864865,3,4.666666666666667,9.600000000000001,1.072072072072072,0.09166666666666666,9.600000000000001,4.666666666666667,8,10,39.84375
PSL,1075988,2017-02-10,2016/17,Peshawar Zalmi,Karachi Kings,1,1,0,1,119,111,118,120,3,7,54,50,15,41,36,35,21,8,6.432432432432432,1.072072072072072,0.4864864864864865,0.4166666666666667,7,6.833333333333333,10.0,0.9833333333333333,0.13513513513513514,10.0,6.833333333333333,8,10,83.59375
PSL,1075989,2017-02-11,2016/17,Islamabad United,Lahore Qalandars,0,0,0,-2,158,120,160,110,7,4,41,41,18,48,36,56,30,9,7.9,1.3166666666666667,0.3416666666666667,0.37272727272727274,4,8.0,11.2,1.4545454545454546,0.15,11.2,8.0,9,9,27.34375
PSL,1075989,2017-02-11,2016/17,Lahore Qalandars,Islamabad United,1,1,0,2,160,110,158,120,4,7,41,41,22,50,36,41,20,9,8.727272727272727,1.4545454545454546,0.37272727272727274,0.3416666666666667,7,8.333333333333332,12.299999999999999,1.3166666666666667,0.2,12.299999999999999,8.333333333333332,9,8,57.03125
PSL,1075990,2017-02-11,2016/17,Karachi Kings,Quetta Gladiators,0,0,0,-1,159,120,160,115,8,3,37,38,19,37,36,54,30,11,7.949999999999999,1.325,0.30833333333333335,0.33043478260869563,3,6.166666666666666,10.8,1.391304347826087,0.15833333333333333,10.8,6.166666666666666,11,10,39.84375
PSL,1075990,2017-02-11,2016/17,Quetta Gladiators,Karachi Kings,1,1,0,1,160,115,159,120,3,8,38,37,19,39,36,42,25,11,8.347826086956522,1.391304347826087,0.33043478260869563,0.30833333333333335,8,6.5,10.08,1.325,0.16521739130434782,10.08,6.5,11,9,49.21875
PSL,1075991,2017-02-12,2016/17,Lahore Qalandars,Peshawar Zalmi,0,0,1,-1,59,62,60,102,10,7,40,68,9,47,36,0,0,14,5.709677419354839,0.9516129032258065,0.6451612903225806,0.6666666666666666,7,7.833333333333334,,0.5882352941176471,0.14516129032258066,,7.833333333333334,14,8,57.03125
PSL,1075991,2017-02-12,2016/17,Peshawar Zalmi,Lahore Qalandars,1,1,1,1,60,102,59,62,7,10,68,40,5,20,36,7,12,14,3.5294117647058822,0.5882352941176471,0.6666666666666666,0.6451612903225806,10,3.3333333333333335,3.5,0.9516129032258065,0.049019607843137254,3.5,3.3333333333333335,14,10,83.59375
PSL,1075992,2017-02-15,2016/17,Islamabad United,Quetta Gladiators,1,1,0,1,149,115,148,120,5,6,46,35,21,40,36,39,25,7,7.773913043478261,1.2956521739130435,0.4,0.2916666666666667,6,6.666666666666667,9.36,1.2333333333333334,0.1826086956521739,9.36,6.666666666666667,7,9,27.34375
PSL,1075992,2017-02-15,2016/17,Quetta Gladiators,Islamabad United,0,0,0,-1,148,120,149,115,6,5,35,46,15,44,36,46,30,7,7.4,1.2333333333333334,0.2916666666666667,0.4,5,7.333333333333334,9.200000000000001,1.2956521739130435,0.125,9.200000000000001,7.333333333333334,7,9,49.21875
PSL,1075993,2017-02-16,2016/17,Karachi Kings,Lahore Qalandars,0,1,1,-7,172,120,179,120,8,8,36,34,19,45,36,48,30,11,8.6,1.4333333333333333,0.3,0.2833333333333333,8,7.5,9.600000000000001,1.4916666666666667,0.15833333333333333,9.600000000000001,7.5,11,10,39.84375
PSL,1075993,2017-02-16,2016/17,Lahore Qalandars,Karachi Kings,1,0,1,7,179,120,172,120,8,8,34,36,21,62,36,39,30,11,8.95,1.4916666666666667,0.2833333333333333,0.3,8,10.333333333333334,7.800000000000001,1.4333333333333333,0.175,7.800000000000001,10.333333333333334,11,8,57.03125
PSL,1075995,2017-02-17,2016/17,Islamabad United,Karachi Kings,0,0,1,15,90,78,75,58,8,4,36,20,10,32,36,0,0,12,6.9230769230769225,1.1538461538461537,0.46153846153846156,0.3448275862068966,4,5.333333333333333,,1.293103448275862,0.1282051282051282,,5.333333333333333,12,9,27.34375
PSL,1075995,2017-02-17,2016/17,Karachi Kings,Islamabad United,1,1,1,-15,75,58,90,78,4,8,20,36,7,50,36,0,0,12,7.758620689655173,1.293103448275862,0.3448275862068966,0.46153846153846156,8,8.333333333333332,,1.1538461538461537,0.1206896551724138,,8.333333333333332,12,10,39.84375
PSL,1075996,2017-02-18,2016/17,Lahore Qalandars,Quetta Gladiators,0,0,0,-2,200,120,202,113,3,5,34,26,27,75,36,65,30,6,10.0,1.6666666666666667,0.2833333333333333,0.23008849557522124,5,12.5,13.0,1.7876106194690264,0.225,13.0,12.5,6,8,57.03125
PSL,1075996,2017-02-18,2016/17,Quetta Gladiators,Lahore Qalandars,1,1,0,2,202,113,200,120,5,3,26,34,26,51,36,78,23,6,10.725663716814159,1.7876106194690264,0.23008849557522124,0.2833333333333333,3,8.5,20.347826086956523,1.6666666666666667,0.23008849557522124,20.347826086956523,8.5,6,9,49.21875
PSL,1075997,2017-02-18,2016/17,Islamabad United,Peshawar Zalmi,1,1,0,1,137,120,136,120,5,9,51,57,16,23,36,49,30,10,6.85,1.1416666666666666,0.425,0.475,9,3.833333333333333,9.8,1.1333333333333333,0.13333333333333333,9.8,3.833333333333333,10,9,27.34375
PSL,1075997,2017-02-18,2016/17,Peshawar Zalmi,Islamabad United,0,0,0,-1,136,120,137,120,9,5,57,51,18,38,36,48,30,10,6.8,1.1333333333333333,0.475,0.425,5,6.333333333333334,9.600000000000001,1.1416666666666666,0.15,9.600000000000001,6.333333333333334,10,10,83.59375
PSL,1075998,2017-02-19,2016/17,Karachi Kings,Peshawar Zalmi,1,0,1,9,174,120,165,119,4,10,34,49,22,47,36,65,30,13,8.7,1.45,0.2833333333333333,0.4117647058823529,10,7.833333333333334,13.0,1.3865546218487395,0.18333333333333332,13.0,7.833333333333334,13,10,39.84375
PSL,1075998,2017-02-19,2016/17,Peshawar Zalmi,Karachi Kings,0,1,1,-9,165,119,174,120,10,4,49,34,23,39,36,61,29,13,8.319327731092436,1.3865546218487395,0.4117647058823529,0.2833333333333333,4,6.5,12.620689655172413,1.45,0.19327731092436976,12.620689655172413,6.5,13,10,83.59375
PSL,1075999,2017-02-20,2016/17,Islamabad United,Lahore Qalandars,0,0,1,-1,145,120,146,116,8,9,47,56,15,37,36,50,30,9,7.25,1.2083333333333333,0.39166666666666666,0.4827586206896552,9,6.166666666666666,10.0,1.2586206896551724,0.125,10.0,6.166666666666666,9,9,27.34375
PSL,1075999,2017-02-20,2016/17,Lahore Qalandars,Islamabad United,1,1,1,1,146,116,145,120,9,8,56,47,20,29,36,44,26,9,7.551724137931034,1.2586206896551724,0.4827586206896552,0.39166666666666666,8,4.833333333333334,10.153846153846153,1.2083333333333333,0.1724137931034483,10.153846153846153,4.833333333333334,9,8,57.03125
PSL,1076000,2017-02-23,2016/17,Karachi Kings,Quetta Gladiators,0,0,0,-4,154,120,158,114,6,4,50,34,17,50,36,56,30,10,7.700000000000001,1.2833333333333334,0.4166666666666667,0.2982456140350877,4,8.333333333333332,11.2,1.3859649122807018,0.14166666666666666,11.2,8.333333333333332,10,10,39.84375
PSL,1076000,2017-02-23,2016/17,Quetta Gladiators,Karachi Kings,1,1,0,4,158,114,154,120,4,6,34,50,18,49,36,28,24,10,8.31578947368421,1.3859649122807018,0.2982456140350877,0.4166666666666667,6,8.166666666666668,7.0,1.2833333333333334,0.15789473684210525,7.0,8.166666666666668,10,9,49.21875
PSL,1076001,2017-02-24,2016/17,Lahore Qalandars,Peshawar Zalmi,0,1,0,-17,149,120,166,120,9,6,56,40,23,45,36,37,30,10,7.45,1.2416666666666667,0.4666666666666667,0.3333333333333333,6,7.5,7.4,1.3833333333333333,0.19166666666666668,7.4,7.5,10,8,57.03125
PSL,1076001,2017-02-24,2016/17,Peshawar Zalmi,Lahore Qalandars,1,0,0,17,166,120,149,120,6,9,40,56,18,52,36,50,30,10,8.3,1.3833333333333333,0.3333333333333333,0.4666666666666667,9,8.666666666666666,10.0,1.2416666666666667,0.15,10.0,8.666666666666666,10,10,83.59375
PSL,1076002,2017-02-24,2016/17,Islamabad United,Quetta Gladiators,1,0,1,1,165,120,164,120,6,5,42,36,19,41,36,54,30,8,8.25,1.375,0.35,0.3,5,6.833333333333333,10.8,1.3666666666666667,0.15833333333333333,10.8,6.833333333333333,8,9,27.34375
PSL,1076002,2017-02-24,2016/17,Quetta Gladiators,Islamabad United,0,1,1,-1,164,120,165,120,5,6,36,42,17,44,36,33,30,8,8.2,1.3666666666666667,0.3,0.35,6,7.333333333333334,6.6000000000000005,1.375,0.14166666666666666,6.6000000000000005,7.333333333333334,8,9,49.21875
PSL,1076003,2017-02-25,2016/17,Karachi Kings,Lahore Qalandars,1,1,0,3,158,120,155,120,5,6,43,40,18,43,36,56,30,11,7.9,1.3166666666666667,0.35833333333333334,0.3333333333333333,6,7.166666666666666,11.2,1.2916666666666667,0.15,11.2,7.166666666666666,11,10,39.84375
PSL,1076003,2017-02-25,2016/17,Lahore Qalandars,Karachi Kings,0,0,0,-3,155,120,158,120,6,5,40,43,16,42,36,52,30,11,7.75,1.2916666666666667,0.3333333333333333,0.35833333333333334,5,7.0,10.4,1.3166666666666667,0.13333333333333333,10.4,7.0,11,8,57.03125
PSL,1076004,2017-02-25,2016/17,Peshawar Zalmi,Quetta Gladiators,1,1,1,2,130,116,128,120,8,10,60,51,14,37,36,43,26,17,6.724137931034482,1.1206896551724137,0.5172413793103449,0.425,10,6.166666666666666,9.923076923076923,1.0666666666666667,0.1206896551724138,9.923076923076923,6.166666666666666,17,10,83.59375
PSL,1076004,2017-02-25,2016/17,Quetta Gladiators,Peshawar Zalmi,0,0,1,-2,128,120,130,116,10,8,51,60,11,28,36,30,30,17,6.4,1.0666666666666667,0.425,0.5172413793103449,8,4.666666666666667,6.0,1.1206896551724137,0.09166666666666666,6.0,4.666666666666667,17,9,49.21875
PSL,1076005,2017-02-26,2016/17,Islamabad United,Karachi Kings,0,0,0,-4,123,90,127,89,7,4,30,36,14,43,36,0,0,11,8.2,1.3666666666666667,0.3333333333333333,0.4044943820224719,4,7.166666666666666,,1.4269662921348314,0.15555555555555556,,7.166666666666666,11,9,27.34375
PSL,1076005,2017-02-26,2016/17,Karachi Kings,Islamabad United,1,1,0,4,127,89,123,90,4,7,36,30,17,64,36,0,0,11,8.561797752808989,1.4269662921348314,0.4044943820224719,0.3333333333333333,7,10.666666666666666,,1.3666666666666667,0.19101123595505617,,10.666666666666666,11,10,39.84375
PSL,1076006,2017-02-28,2016/17,Quetta Gladiators,Peshawar Zalmi,1,0,1,1,200,120,199,120,7,9,23,40,23,59,36,47,30,6,10.0,1.6666666666666667,0.19166666666666668,0.3333333333333333,9,9.833333333333332,9.4,1.6583333333333334,0.19166666666666668,9.4,9.833333333333332,6,9,49.21875
PSL,1076006,2017-02-28,2016/17,Peshawar Zalmi,Quetta Gladiators,0,1,1,-1,199,120,200,120,9,7,40,23,27,38,36,42,30,6,9.950000000000001,1.6583333333333334,0.3333333333333333,0.19166666666666668,7,6.333333333333334,8.399999999999999,1.6666666666666667,0.225,8.399999999999999,6.333333333333334,6,10,83.59375
PSL,1076007,2017-03-01,2016/17,Karachi Kings,Islamabad United,1,0,0,44,126,118,82,92,10,10,52,44,16,42,36,26,28,9,6.40677966101695,1.0677966101694916,0.4406779661016949,0.4782608695652174,10,7.0,5.571428571428571,0.8913043478260869,0.13559322033898305,5.571428571428571,7.0,9,10,39.84375
PSL,1076007,2017-03-01,2016/17,Islamabad United,Karachi Kings,0,1,0,-44,82,92,126,118,10,10,44,52,8,34,36,0,2,9,5.3478260869565215,0.8913043478260869,0.4782608695652174,0.4406779661016949,10,5.666666666666666,0.0,1.0677966101694916,0.08695652173913043,0.0,5.666666666666666,9,9,27.34375
PSL,1076008,2017-03-03,2016/17,Peshawar Zalmi,Karachi Kings,1,0,0,24,181,120,157,120,3,7,32,48,22,47,36,55,30,8,9.05,1.5083333333333333,0.26666666666666666,0.4,7,7.833333333333334,11.0,1.3083333333333333,0.18333333333333332,11.0,7.833333333333334,8,10,83.59375
PSL,1076008,2017-03-03,2016/17,Karachi Kings,Peshawar Zalmi,0,1,0,-24,157,120,181,120,7,3,48,32,18,23,36,33,30,8,7.85,1.3083333333333333,0.4,0.26666666666666666,3,3.833333333333333,6.6000000000000005,1.5083333333333333,0.15,6.6000000000000005,3.833333333333333,8,10,39.84375
PSL,1076009,2017-03-05,2016/17,Peshawar Zalmi,Quetta Gladiators,1,0,0,58,148,120,90,99,6,10,52,40,19,52,36,44,30,10,7.4,1.2333333333333334,0.43333333333333335,0.40404040404040403,10,8.666666666666666,8.799999999999999,0.9090909090909091,0.15833333333333333,8.799999999999999,8.666666666666666,10,10,83.59375
PSL,1076009,2017-03-05,2016/17,Quetta Gladiators,Peshawar Zalmi,0,1,0,-58,90,99,148,120,10,6,40,52,9,31,36,7,9,10,5.454545454545454,0.9090909090909091,0.40404040404040403,0.43333333333333335,6,5.166666666666667,4.666666666666667,1.2333333333333334,0.09090909090909091,4.666666666666667,5.166666666666667,10,9,49.21875
PSL,1128818,2018-02-22,2017/18,Peshawar Zalmi,Multan Sultans,0,0,0,-1,151,120,152,115,6,3,52,40,19,29,36,51,30,9,7.55,1.2583333333333333,0.43333333333333335,0.34782608695652173,3,4.833333333333334,10.2,1.3217391304347825,0.15833333333333333,10.2,4.833333333333334,9,13,55.46875
PSL,1128818,2018-02-22,2017/18,Multan Sultans,Peshawar Zalmi,1,1,0,1,152,115,151,120,3,6,40,52,17,43,36,46,25,9,7.930434782608695,1.3217391304347825,0.34782608695652173,0.43333333333333335,6,7.166666666666666,11.040000000000001,1.2583333333333333,0.14782608695652175,11.040000000000001,7.166666666666666,9,9,44.53125
PSL,1128819,2018-02-23,2017/18,Karachi Kings,Quetta Gladiators,1,0,0,19,149,120,130,120,9,9,37,52,16,39,36,38,30,14,7.45,1.2416666666666667,0.30833333333333335,0.43333333333333335,9,6.5,7.6,1.0833333333333333,0.13333333333333333,7.6,6.5,14,10,63.28125
PSL,1128819,2018-02-23,2017/18,Quetta Gladiators,Karachi Kings,0,1,0,-19,130,120,149,120,9,9,52,37,14,26,36,33,30,14,6.5,1.0833333333333333,0.43333333333333335,0.30833333333333335,9,4.333333333333333,6.6000000000000005,1.2416666666666667,0.11666666666666667,6.6000000000000005,4.333333333333333,14,11,85.15625
PSL,1128820,2018-02-23,2017/18,Multan Sultans,Lahore Qalandars,1,0,0,43,179,120,136,104,5,10,39,43,20,53,36,52,30,10,8.95,1.4916666666666667,0.325,0.41346153846153844,10,8.833333333333334,10.4,1.3076923076923077,0.16666666666666666,10.4,8.833333333333334,10,9,44.53125
PSL,1128820,2018-02-23,2017/18,Lahore Qalandars,Multan Sultans,0,1,0,-43,136,104,179,120,10,5,43,39,15,40,36,4,14,10,7.846153846153847,1.3076923076923077,0.41346153846153844,0.325,5,6.666666666666667,1.7142857142857142,1.4916666666666667,0.14423076923076922,1.7142857142857142,6.666666666666667,10,8,3.90625
PSL,1128821,2018-02-24,2017/18,Islamabad United,Peshawar Zalmi,0,1,0,-34,142,120,176,120,9,6,45,38,18,38,36,48,30,10,7.1,1.1833333333333333,0.375,0.31666666666666665,6,6.333333333333334,9.600000000000001,1.4666666666666666,0.15,9.600000000000001,6.333333333333334,10,11,74.21875
PSL,1128821,2018-02-24,2017/18,Peshawar Zalmi,Islamabad United,1,0,0,34,176,120,142,120,6,9,38,45,23,57,36,44,30,10,8.799999999999999,1.4666666666666666,0.31666666666666665,0.375,9,9.5,8.799999999999999,1.1833333333333333,0.19166666666666668,8.799999999999999,9.5,10,13,55.46875
PSL,1128822,2018-02-24,2017/18,Quetta Gladiators,Lahore Qalandars,1,1,0,1,120,84,119,120,1,9,36,64,16,41,36,0,0,4,8.571428571428571,1.4285714285714286,0.42857142857142855,0.5333333333333333,9,6.833333333333333,,0.9916666666666667,0.19047619047619047,,6.833333333333333,4,11,85.15625
PSL,1128822,2018-02-24,2017/18,Lahore Qalandars,Quetta Gladiators,0,0,0,-1,119,120,120,84,9,1,64,36,15,61,36,18,30,4,5.95,0.9916666666666667,0.5333333333333333,0.42857142857142855,1,10.166666666666666,3.5999999999999996,1.4285714285714286,0.125,3.5999999999999996,10.166666666666666,4,8,3.90625
PSL,1128823,2018-02-25,2017/18,Multan Sultans,Islamabad United,0,0,0,-4,113,119,117,106,10,5,50,54,10,24,36,25,29,8,5.697478991596638,0.9495798319327731,0.42016806722689076,0.5094339622641509,5,4.0,5.172413793103448,1.1037735849056605,0.08403361344537816,5.172413793103448,4.0,8,9,44.53125
PSL,1128823,2018-02-25,2017/18,Islamabad United,Multan Sultans,1,1,0,4,117,106,113,119,5,10,54,50,15,39,36,31,16,8,6.622641509433963,1.1037735849056605,0.5094339622641509,0.42016806722689076,10,6.5,11.625,0.9495798319327731,0.14150943396226415,11.625,6.5,8,11,74.21875
PSL,1128824,2018-02-25,2017/18,Karachi Kings,Peshawar Zalmi,1,1,0,4,135,118,131,120,5,9,48,63,16,46,36,36,28,8,6.864406779661017,1.1440677966101696,0.4067796610169492,0.525,9,7.666666666666666,7.714285714285715,1.0916666666666666,0.13559322033898305,7.714285714285715,7.666666666666666,8,10,63.28125
PSL,1128824,2018-02-25,2017/18,Peshawar Zalmi,Karachi Kings,0,0,0,-4,131,120,135,118,9,5,63,48,16,37,36,53,30,8,6.549999999999999,1.0916666666666666,0.525,0.4067796610169492,5,6.166666666666666,10.6,1.1440677966101696,0.13333333333333333,10.6,6.166666666666666,8,13,55.46875
PSL,1128825,2018-02-26,2017/18,Karachi Kings,Lahore Qalandars,1,0,0,27,159,120,132,111,7,10,49,45,19,39,36,64,30,11,7.949999999999999,1.325,0.4083333333333333,0.40540540540540543,10,6.5,12.8,1.1891891891891893,0.15833333333333333,12.8,6.5,11,10,63.28125
PSL,1128825,2018-02-26,2017/18,Lahore Qalandars,Karachi Kings,0,1,0,-27,132,111,159,120,10,7,45,49,15,68,36,16,21,11,7.135135135135135,1.1891891891891893,0.40540540540540543,0.4083333333333333,7,11.333333333333332,4.571428571428571,1.325,0.13513513513513514,4.571428571428571,11.333333333333332,11,8,3.90625
PSL,1128826,2018-02-28,2017/18,Islamabad United,Quetta Gladiators,0,0,0,-1,134,120,135,103,7,4,49,43,13,52,36,37,30,4,6.7,1.1166666666666667,0.4083333333333333,0.4174757281553398,4,8.666666666666666,7.4,1.3106796116504855,0.10833333333333334,7.4,8.666666666666666,4,11,74.21875
PSL,1128826,2018-02-28,2017/18,Quetta Gladiators,Islamabad United,1,1,0,1,135,103,134,120,4,7,43,49,17,48,36,23,13,4,7.864077669902914,1.3106796116504855,0.4174757281553398,0.4083333333333333,7,8.0,10.615384615384615,1.1166666666666667,0.1650485436893204,10.615384615384615,8.0,4,11,85.15625
PSL,1128827,2018-03-01,2017/18,Quetta Gladiators,Peshawar Zalmi,0,0,0,-2,141,120,143,118,8,5,45,51,14,31,36,31,30,8,7.050000000000001,1.175,0.375,0.4322033898305085,5,5.166666666666667,6.200000000000001,1.2118644067796611,0.11666666666666667,6.200000000000001,5.166666666666667,8,11,85.15625
PSL,1128827,2018-03-01,2017/18,Peshawar Zalmi,Quetta Gladiators,1,1,0,2,143,118,141,120,5,8,51,45,18,47,36,36,28,8,7.271186440677967,1.2118644067796611,0.4322033898305085,0.375,8,7.833333333333334,7.714285714285715,1.175,0.15254237288135594,7.714285714285715,7.833333333333334,8,13,55.46875
PSL,1128830,2018-03-03,2017/18,Multan Sultans,Quetta Gladiators,1,1,0,6,108,100,102,94,1,10,39,42,12,37,36,12,10,7,6.48,1.08,0.39,0.44680851063829785,10,6.166666666666666,7.199999999999999,1.0851063829787233,0.12,7.199999999999999,6.166666666666666,7,9,44.53125
PSL,1128830,2018-03-03,2017/18,Quetta Gladiators,Multan Sultans,0,0,0,-6,102,94,108,100,10,1,42,39,9,42,36,1,4,7,6.51063829787234,1.0851063829787233,0.44680851063829785,0.39,1,7.0,1.5,1.08,0.09574468085106383,1.5,7.0,7,11,85.15625
PSL,1128831,2018-03-03,2017/18,Peshawar Zalmi,Lahore Qalandars,1,1,0,4,104,82,100,104,0,10,31,59,13,41,36,0,0,5,7.609756097560975,1.2682926829268293,0.3780487804878049,0.5673076923076923,10,6.833333333333333,,0.9615384615384616,0.15853658536585366,,6.833333333333333,5,13,55.46875
PSL,1128831,2018-03-03,2017/18,Lahore Qalandars,Peshawar Zalmi,0,0,0,-4,100,104,104,82,10,0,59,31,12,53,36,4,14,5,5.769230769230769,0.9615384615384616,0.5673076923076923,0.3780487804878049,0,8.833333333333334,1.7142857142857142,1.2682926829268293,0.11538461538461539,1.7142857142857142,8.833333333333334,5,8,3.90625
PSL,1128832,2018-03-04,2017/18,Islamabad United,Karachi Kings,1,1,0,3,156,104,153,120,2,6,32,39,23,61,36,30,14,3,9.0,1.5,0.3076923076923077,0.325,6,10.166666666666666,12.857142857142858,1.275,0.22115384615384615,12.857142857142858,10.166666666666666,3,11,74.21875
PSL,1128832,2018-03-04,2017/18,Karachi Kings,Islamabad United,0,0,0,-3,153,120,156,104,6,2,39,32,19,32,36,47,30,3,7.6499999999999995,1.275,0.325,0.3076923076923077,2,5.333333333333333,9.4,1.5,0.15833333333333333,9.4,5.333333333333333,3,10,63.28125
PSL,1128833,2018-03-06,2017/18,Peshawar Zalmi,Multan Sultans,0,1,0,-19,164,120,183,120,8,3,40,39,19,39,36,48,30,9,8.2,1.3666666666666667,0.3333333333333333,0.325,3,6.5,9.600000000000001,1.525,0.15833333333333333,9.600000000000001,6.5,9,13,55.46875
PSL,1128833,2018-03-06,2017/18,Multan Sultans,Peshawar Zalmi,1,0,0,19,183,120,164,120,3,8,39,40,22,41,36,70,30,9,9.149999999999999,1.525,0.325,0.3333333333333333,8,6.833333333333333,14.0,1.3666666666666667,0.18333333333333332,14.0,6.833333333333333,9,9,44.53125
PSL,1128834,2018-03-07,2017/18,Multan Sultans,Quetta Gladiators,0,0,1,-4,152,120,156,119,5,8,47,51,15,35,36,57,30,9,7.6,1.2666666666666666,0.39166666666666666,0.42857142857142855,8,5.833333333333333,11.399999999999999,1.3109243697478992,0.125,11.399999999999999,5.833333333333333,9,9,44.53125
PSL,1128834,2018-03-07,2017/18,Quetta Gladiators,Multan Sultans,1,1,1,4,156,119,152,120,8,5,51,47,20,46,36,51,29,9,7.865546218487395,1.3109243697478992,0.42857142857142855,0.39166666666666666,5,7.666666666666666,10.551724137931034,1.2666666666666666,0.16806722689075632,10.551724137931034,7.666666666666666,9,11,85.15625
PSL,1128835,2018-03-08,2017/18,Islamabad United,Lahore Qalandars,1,1,0,1,164,106,163,120,4,8,38,41,20,59,36,15,16,6,9.283018867924529,1.5471698113207548,0.3584905660377358,0.3416666666666667,8,9.833333333333332,5.625,1.3583333333333334,0.18867924528301888,5.625,9.833333333333332,6,11,74.21875
PSL,1128835,2018-03-08,2017/18,Lahore Qalandars,Islamabad United,0,0,0,-1,163,120,164,106,8,4,41,38,17,49,36,47,30,6,8.15,1.3583333333333334,0.3416666666666667,0.3584905660377358,4,8.166666666666668,9.4,1.5471698113207548,0.14166666666666666,9.4,8.166666666666668,6,8,3.90625
PSL,1128836,2018-03-08,2017/18,Karachi Kings,Quetta Gladiators,0,1,0,-67,113,120,180,120,8,4,51,37,9,32,36,31,30,11,5.65,0.9416666666666667,0.425,0.30833333333333335,4,5.333333333333333,6.200000000000001,1.5,0.075,6.200000000000001,5.333333333333333,11,10,63.28125
PSL,1128836,2018-03-08,2017/18,Quetta Gladiators,Karachi Kings,1,0,0,67,180,120,113,120,4,8,37,51,25,52,36,50,30,11,9.0,1.5,0.30833333333333335,0.425,8,8.666666666666666,10.0,0.9416666666666667,0.20833333333333334,10.0,8.666666666666666,11,11,85.15625
PSL,1128837,2018-03-09,2017/18,Multan Sultans,Lahore Qalandars,0,0,0,-1,114,118,115,112,10,4,59,56,15,54,36,17,28,8,5.796610169491525,0.9661016949152542,0.5,0.5,4,9.0,3.6428571428571423,1.0267857142857142,0.1271186440677966,3.6428571428571423,9.0,8,9,44.53125
PSL,1128837,2018-03-09,2017/18,Lahore Qalandars,Multan Sultans,1,1,0,1,115,112,114,118,4,10,56,59,15,47,36,25,22,8,6.160714285714285,1.0267857142857142,0.5,0.5,10,7.833333333333334,6.818181818181818,0.9661016949152542,0.13392857142857142,6.818181818181818,7.833333333333334,8,8,3.90625
PSL,1128838,2018-03-09,2017/18,Peshawar Zalmi,Islamabad United,0,1,0,-26,156,120,182,120,9,5,51,43,20,48,36,57,30,5,7.800000000000001,1.3,0.425,0.35833333333333334,5,8.0,11.399999999999999,1.5166666666666666,0.16666666666666666,11.399999999999999,8.0,5,13,55.46875
PSL,1128838,2018-03-09,2017/18,Islamabad United,Peshawar Zalmi,1,0,0,26,182,120,156,120,5,9,43,51,25,41,36,56,30,5,9.1,1.5166666666666666,0.35833333333333334,0.425,9,6.833333333333333,11.2,1.3,0.20833333333333334,11.2,6.833333333333333,5,11,74.21875
PSL,1128839,2018-03-10,2017/18,Multan Sultans,Karachi Kings,0,1,0,-63,125,118,188,120,10,3,67,34,16,53,36,28,28,7,6.3559322033898304,1.0593220338983051,0.5677966101694916,0.2833333333333333,3,8.833333333333334,6.0,1.5666666666666667,0.13559322033898305,6.0,8.833333333333334,7,9,44.53125
PSL,1128839,2018-03-10,2017/18,Karachi Kings,Multan Sultans,1,0,0,63,188,120,125,118,3,10,34,67,23,32,36,67,30,7,9.4,1.5666666666666667,0.2833333333333333,0.5677966101694916,10,5.333333333333333,13.4,1.0593220338983051,0.19166666666666668,13.4,5.333333333333333,7,10,63.28125
PSL,1128840,2018-03-10,2017/18,Peshawar Zalmi,Quetta Gladiators,0,0,0,-1,157,120,158,116,5,4,47,37,20,37,36,56,30,8,7.85,1.3083333333333333,0.39166666666666666,0.31896551724137934,4,6.166666666666666,11.2,1.3620689655172413,0.16666666666666666,11.2,6.166666666666666,8,13,55.46875
PSL,1128840,2018-03-10,2017/18,Quetta Gladiators,Peshawar Zalmi,1,1,0,1,158,116,157,120,4,5,37,47,20,41,36,41,26,8,8.172413793103448,1.3620689655172413,0.31896551724137934,0.39166666666666666,5,6.833333333333333,9.461538461538462,1.3083333333333333,0.1724137931034483,9.461538461538462,6.833333333333333,8,11,85.15625
PSL,1128842,2018-03-13,2017/18,Multan Sultans,Islamabad United,0,1,0,-33,152,115,185,120,10,4,49,43,20,25,36,47,25,8,7.930434782608695,1.3217391304347825,0.4260869565217391,0.35833333333333334,4,4.166666666666666,11.28,1.5416666666666667,0.17391304347826086,11.28,4.166666666666666,8,9,44.53125
PSL,1128842,2018-03-13,2017/18,Islamabad United,Multan Sultans,1,0,0,33,185,120,152,115,4,10,43,49,26,54,36,59,30,8,9.25,1.5416666666666667,0.35833333333333334,0.4260869565217391,10,9.0,11.799999999999999,1.3217391304347825,0.21666666666666667,11.799999999999999,9.0,8,11,74.21875
PSL,1128843,2018-03-14,2017/18,Quetta Gladiators,Lahore Qalandars,0,1,0,-17,169,120,186,120,6,4,38,42,17,54,36,45,30,5,8.450000000000001,1.4083333333333334,0.31666666666666665,0.35,4,9.0,9.0,1.55,0.14166666666666666,9.0,9.0,5,11,85.15625
PSL,1128843,2018-03-14,2017/18,Lahore Qalandars,Quetta Gladiators,1,0,0,17,186,120,169,120,4,6,42,38,26,52,36,46,30,5,9.3,1.55,0.35,0.31666666666666665,6,8.666666666666666,9.200000000000001,1.4083333333333334,0.21666666666666667,9.200000000000001,8.666666666666666,5,8,3.90625
PSL,1128844,2018-03-15,2017/18,Peshawar Zalmi,Karachi Kings,1,0,0,44,181,120,137,120,6,8,43,46,24,31,36,64,30,9,9.05,1.5083333333333333,0.35833333333333334,0.38333333333333336,8,5.166666666666667,12.8,1.1416666666666666,0.2,12.8,5.166666666666667,9,13,55.46875
PSL,1128844,2018-03-15,2017/18,Karachi Kings,Peshawar Zalmi,0,1,0,-44,137,120,181,120,8,6,46,43,14,35,36,37,30,9,6.85,1.1416666666666666,0.38333333333333336,0.35833333333333334,6,5.833333333333333,7.4,1.5083333333333333,0.11666666666666667,7.4,5.833333333333333,9,10,63.28125
PSL,1128845,2018-03-15,2017/18,Quetta Gladiators,Islamabad United,0,0,0,-2,147,120,149,110,7,4,38,42,14,36,36,36,30,7,7.3500000000000005,1.225,0.31666666666666665,0.38181818181818183,4,6.0,7.199999999999999,1.3545454545454545,0.11666666666666667,7.199999999999999,6.0,7,11,85.15625
PSL,1128845,2018-03-15,2017/18,Islamabad United,Quetta Gladiators,1,1,0,2,149,110,147,120,4,7,42,38,19,51,36,39,20,7,8.127272727272727,1.3545454545454545,0.38181818181818183,0.31666666666666665,7,8.5,11.7,1.225,0.17272727272727273,11.7,8.5,7,11,74.21875
PSL,1128846,2018-03-16,2017/18,Peshawar Zalmi,Lahore Qalandars,1,1,0,4,176,108,172,120,3,4,42,42,28,57,36,41,18,2,9.777777777777777,1.6296296296296295,0.3888888888888889,0.35,4,9.5,13.666666666666666,1.4333333333333333,0.25925925925925924,13.666666666666666,9.5,2,13,55.46875
PSL,1128846,2018-03-16,2017/18,Lahore Qalandars,Peshawar Zalmi,0,0,0,-4,172,120,176,108,4,3,42,42,21,49,36,52,30,2,8.6,1.4333333333333333,0.35,0.3888888888888889,3,8.166666666666668,10.4,1.6296296296296295,0.175,10.4,8.166666666666668,2,8,3.90625
PSL,1128847,2018-03-16,2017/18,Islamabad United,Karachi Kings,0,0,0,-1,124,114,125,102,10,3,54,43,15,32,36,17,24,4,6.526315789473685,1.087719298245614,0.47368421052631576,0.4215686274509804,3,5.333333333333333,4.25,1.2254901960784315,0.13157894736842105,4.25,5.333333333333333,4,11,74.21875
PSL,1128847,2018-03-16,2017/18,Karachi Kings,Islamabad United,1,1,0,1,125,102,124,114,3,10,43,54,15,50,36,21,12,4,7.352941176470589,1.2254901960784315,0.4215686274509804,0.47368421052631576,10,8.333333333333332,10.5,1.087719298245614,0.14705882352941177,10.5,8.333333333333332,4,10,63.28125
PSL,1128848,2018-03-18,2017/18,Islamabad United,Karachi Kings,1,1,0,1,155,75,154,120,2,4,19,39,25,75,36,0,0,4,12.400000000000002,2.066666666666667,0.25333333333333335,0.325,4,12.5,,1.2833333333333334,0.3333333333333333,,12.5,4,11,74.21875
PSL,1128848,2018-03-18,2017/18,Karachi Kings,Islamabad United,0,0,0,-1,154,120,155,75,4,2,39,19,16,29,36,58,30,4,7.700000000000001,1.2833333333333334,0.325,0.25333333333333335,2,4.833333333333334,11.6,2.066666666666667,0.13333333333333333,11.6,4.833333333333334,4,10,63.28125
PSL,1128849,2018-03-20,2017/18,Peshawar Zalmi,Quetta Gladiators,1,0,1,1,157,120,156,120,10,9,54,49,24,44,36,46,30,14,7.85,1.3083333333333333,0.45,0.4083333333333333,9,7.333333333333334,9.200000000000001,1.3,0.2,9.200000000000001,7.333333333333334,14,13,55.46875
PSL,1128849,2018-03-20,2017/18,Quetta Gladiators,Peshawar Zalmi,0,1,1,-1,156,120,157,120,9,10,49,54,20,49,36,44,30,14,7.800000000000001,1.3,0.4083333333333333,0.45,10,8.166666666666668,8.799999999999999,1.3083333333333333,0.16666666666666666,8.799999999999999,8.166666666666668,14,11,85.15625
PSL,1128850,2018-03-21,2017/18,Karachi Kings,Peshawar Zalmi,0,1,0,-13,157,96,170,96,2,7,29,34,22,51,36,13,6,7,9.8125,1.6354166666666667,0.3020833333333333,0.3541666666666667,7,8.5,13.0,1.7708333333333333,0.22916666666666666,13.0,8.5,7,10,63.28125
PSL,1128850,2018-03-21,2017/18,Peshawar Zalmi,Karachi Kings,1,0,0,13,170,96,157,96,7,2,34,29,24,69,36,11,6,7,10.625,1.7708333333333333,0.3541666666666667,0.3020833333333333,2,11.5,11.0,1.6354166666666667,0.25,11.0,11.5,7,13,55.46875
PSL,1128851,2018-03-25,2017/18,Islamabad United,Peshawar Zalmi,1,1,1,6,154,101,148,120,7,9,46,45,22,66,36,27,11,6,9.14851485148515,1.5247524752475248,0.45544554455445546,0.375,9,11.0,14.727272727272727,1.2333333333333334,0.21782178217821782,14.727272727272727,11.0,6,11,74.21875
PSL,1128851,2018-03-25,2017/18,Peshawar Zalmi,Islamabad United,0,0,1,-6,148,120,154,101,9,7,45,46,18,38,36,38,30,6,7.4,1.2333333333333334,0.375,0.45544554455445546,7,6.333333333333334,7.6,1.5247524752475248,0.15,7.6,6.333333333333334,6,13,55.46875
PSL,1168820,2019-02-14,2018/19,Islamabad United,Lahore Qalandars,1,1,0,6,177,116,171,121,5,8,37,38,23,49,36,53,26,9,9.155172413793103,1.5258620689655173,0.31896551724137934,0.3140495867768595,8,8.166666666666668,12.23076923076923,1.4132231404958677,0.19827586206896552,12.23076923076923,8.166666666666668,9,12,82.03125
PSL,1168820,2019-02-14,2018/19,Lahore Qalandars,Islamabad United,0,0,0,-6,171,121,177,116,8,5,38,37,20,57,37,36,30,9,8.479338842975206,1.4132231404958677,0.3140495867768595,0.31896551724137934,5,9.243243243243244,7.199999999999999,1.5258620689655173,0.1652892561983471,7.199999999999999,9.243243243243244,9,10,14.84375
PSL,1168821,2019-02-15,2018/19,Karachi Kings,Multan Sultans,1,0,1,7,183,120,176,120,6,9,29,36,20,53,36,34,30,11,9.149999999999999,1.525,0.24166666666666667,0.3,9,8.833333333333334,6.8,1.4666666666666666,0.16666666666666666,6.8,8.833333333333334,11,11,47.65625
PSL,1168821,2019-02-15,2018/19,Multan Sultans,Karachi Kings,0,1,1,-7,176,120,183,120,9,6,36,29,23,38,36,52,30,11,8.799999999999999,1.4666666666666666,0.3,0.24166666666666667,6,6.333333333333334,10.4,1.525,0.19166666666666668,10.4,6.333333333333334,11,10,17.96875
PSL,1168822,2019-02-15,2018/19,Peshawar Zalmi,Quetta Gladiators,0,0,0,-6,155,120,161,118,4,4,44,45,19,37,36,54,30,6,7.75,1.2916666666666667,0.36666666666666664,0.3813559322033898,4,6.166666666666666,10.8,1.3644067796610169,0.15833333333333333,10.8,6.166666666666666,6,13,66.40625
PSL,1168822,2019-02-15,2018/19,Quetta Gladiators,Peshawar Zalmi,1,1,0,6,161,118,155,120,4,4,45,44,22,59,36,40,28,6,8.1864406779661,1.3644067796610169,0.3813559322033898,0.36666666666666664,4,9.833333333333332,8.571428571428571,1.2916666666666667,0.1864406779661017,8.571428571428571,9.833333333333332,6,12,86.71875
PSL,1168823,2019-02-16,2018/19,Islamabad United,Multan Sultans,0,0,0,-1,125,120,126,112,7,5,48,44,10,29,36,35,30,7,6.25,1.0416666666666667,0.4,0.39285714285714285,5,4.833333333333334,7.0,1.125,0.08333333333333333,7.0,4.833333333333334,7,12,82.03125
PSL,1168823,2019-02-16,2018/19,Multan Sultans,Islamabad United,1,1,0,1,126,112,125,120,5,7,44,48,12,24,36,49,22,7,6.75,1.125,0.39285714285714285,0.4,7,4.0,13.363636363636363,1.0416666666666667,0.10714285714285714,13.363636363636363,4.0,7,10,17.96875
PSL,1168824,2019-02-16,2018/19,Karachi Kings,Lahore Qalandars,0,1,0,-22,116,119,138,120,10,6,46,32,9,32,36,26,29,9,5.848739495798319,0.9747899159663865,0.3865546218487395,0.26666666666666666,6,5.333333333333333,5.379310344827586,1.15,0.07563025210084033,5.379310344827586,5.333333333333333,9,11,47.65625
PSL,1168824,2019-02-16,2018/19,Lahore Qalandars,Karachi Kings,1,0,0,22,138,120,116,119,6,10,32,46,12,50,36,34,30,9,6.8999999999999995,1.15,0.26666666666666666,0.3865546218487395,10,8.333333333333332,6.8,0.9747899159663865,0.1,6.8,8.333333333333332,9,10,14.84375
PSL,1168825,2019-02-17,2018/19,Islamabad United,Quetta Gladiators,0,0,0,-4,157,120,161,110,8,3,50,32,21,38,36,52,30,6,7.85,1.3083333333333333,0.4166666666666667,0.2909090909090909,3,6.333333333333334,10.4,1.4636363636363636,0.175,10.4,6.333333333333334,6,12,82.03125
PSL,1168825,2019-02-17,2018/19,Quetta Gladiators,Islamabad United,1,1,0,4,161,110,157,120,3,8,32,50,19,49,36,41,20,6,8.781818181818181,1.4636363636363636,0.2909090909090909,0.4166666666666667,8,8.166666666666668,12.299999999999999,1.3083333333333333,0.17272727272727273,12.299999999999999,8.166666666666668,6,12,86.71875
PSL,1168826,2019-02-17,2018/19,Lahore Qalandars,Peshawar Zalmi,0,0,0,-3,78,91,81,61,10,3,46,30,10,39,36,0,1,5,5.142857142857142,0.8571428571428571,0.5054945054945055,0.4918032786885246,3,6.5,0.0,1.3278688524590163,0.10989010989010989,0.0,6.5,5,10,14.84375
PSL,1168826,2019-02-17,2018/19,Peshawar Zalmi,Lahore Qalandars,1,1,0,3,81,61,78,91,3,10,30,46,12,50,36,0,0,5,7.967213114754098,1.3278688524590163,0.4918032786885246,0.5054945054945055,10,8.333333333333332,,0.8571428571428571,0.19672131147540983,,8.333333333333332,5,13,66.40625
PSL,1168827,2019-02-20,2018/19,Multan Sultans,Quetta Gladiators,0,0,0,-1,160,120,161,111,9,2,40,30,19,51,36,49,30,7,8.0,1.3333333333333333,0.3333333333333333,0.2702702702702703,2,8.5,9.8,1.4504504504504505,0.15833333333333333,9.8,8.5,7,10,17.96875
PSL,1168827,2019-02-20,2018/19,Quetta Gladiators,Multan Sultans,1,1,0,1,161,111,160,120,2,9,30,40,24,59,36,33,21,7,8.702702702702704,1.4504504504504505,0.2702702702702703,0.3333333333333333,9,9.833333333333332,9.428571428571429,1.3333333333333333,0.21621621621621623,9.428571428571429,9.833333333333332,7,12,86.71875
PSL,1168828,2019-02-21,2018/19,Karachi Kings,Peshawar Zalmi,0,1,0,-44,109,120,153,120,9,8,49,37,10,32,36,29,30,7,5.45,0.9083333333333333,0.4083333333333333,0.30833333333333335,8,5.333333333333333,5.8,1.275,0.08333333333333333,5.8,5.333333333333333,7,11,47.65625
PSL,1168828,2019-02-21,2018/19,Peshawar Zalmi,Karachi Kings,1,0,0,44,153,120,109,120,8,9,37,49,16,38,36,57,30,7,7.6499999999999995,1.275,0.30833333333333335,0.4083333333333333,9,6.333333333333334,11.399999999999999,0.9083333333333333,0.13333333333333333,11.399999999999999,6.333333333333334,7,13,66.40625
PSL,1168829,2019-02-22,2018/19,Lahore Qalandars,Multan Sultans,1,1,0,4,204,120,200,120,5,6,27,39,23,51,36,73,30,6,10.2,1.7,0.225,0.325,6,8.5,14.599999999999998,1.6666666666666667,0.19166666666666668,14.599999999999998,8.5,6,10,14.84375
PSL,1168829,2019-02-22,2018/19,Multan Sultans,Lahore Qalandars,0,0,0,-4,200,120,204,120,6,5,39,27,25,60,36,43,30,6,10.0,1.6666666666666667,0.325,0.225,5,10.0,8.6,1.7,0.20833333333333334,8.6,10.0,6,10,17.96875
PSL,1168830,2019-02-22,2018/19,Islamabad United,Peshawar Zalmi,1,0,0,12,158,120,146,118,9,10,37,43,16,40,36,45,30,15,7.9,1.3166666666666667,0.30833333333333335,0.3644067796610169,10,6.666666666666667,9.0,1.2372881355932204,0.13333333333333333,9.0,6.666666666666667,15,12,82.03125
PSL,1168830,2019-02-22,2018/19,Peshawar Zalmi,Islamabad United,0,1,0,-12,146,118,158,120,10,9,43,37,18,36,36,45,28,15,7.423728813559322,1.2372881355932204,0.3644067796610169,0.30833333333333335,9,6.0,9.642857142857142,1.3166666666666667,0.15254237288135594,9.642857142857142,6.0,15,13,66.40625
PSL,1168831,2019-02-23,2018/19,Lahore Qalandars,Quetta Gladiators,0,0,1,-5,143,120,148,120,7,7,31,38,8,48,36,28,30,9,7.15,1.1916666666666667,0.25833333333333336,0.31666666666666665,7,8.0,5.6,1.2333333333333334,0.06666666666666667,5.6,8.0,9,10,14.84375
PSL,1168831,2019-02-23,2018/19,Quetta Gladiators,Lahore Qalandars,1,1,1,5,148,120,143,120,7,7,38,31,14,35,36,40,30,9,7.4,1.2333333333333334,0.31666666666666665,0.25833333333333336,7,5.833333333333333,8.0,1.1916666666666667,0.11666666666666667,8.0,5.833333333333333,9,12,86.71875
PSL,1168832,2019-02-23,2018/19,Islamabad United,Karachi Kings,1,1,0,4,147,97,143,120,3,6,33,37,22,61,36,8,7,4,9.092783505154639,1.5154639175257731,0.3402061855670103,0.30833333333333335,6,10.166666666666666,6.857142857142857,1.1916666666666667,0.2268041237113402,6.857142857142857,10.166666666666666,4,12,82.03125
PSL,1168832,2019-02-23,2018/19,Karachi Kings,Islamabad United,0,0,0,-4,143,120,147,97,6,3,37,33,15,34,36,63,30,4,7.15,1.1916666666666667,0.30833333333333335,0.3402061855670103,3,5.666666666666666,12.600000000000001,1.5154639175257731,0.125,12.600000000000001,5.666666666666666,4,11,47.65625
PSL,1168833,2019-02-24,2018/19,Multan Sultans,Peshawar Zalmi,0,0,0,-1,145,120,146,118,10,5,41,41,13,55,36,28,30,9,7.25,1.2083333333333333,0.3416666666666667,0.3474576271186441,5,9.166666666666666,5.6,1.2372881355932204,0.10833333333333334,5.6,9.166666666666666,9,10,17.96875
PSL,1168833,2019-02-24,2018/19,Peshawar Zalmi,Multan Sultans,1,1,0,1,146,118,145,120,5,10,41,41,17,41,36,41,28,9,7.423728813559322,1.2372881355932204,0.3474576271186441,0.3416666666666667,10,6.833333333333333,8.785714285714285,1.2083333333333333,0.1440677966101695,8.785714285714285,6.833333333333333,9,13,66.40625
PSL,1168834,2019-02-24,2018/19,Karachi Kings,Quetta Gladiators,1,1,0,2,188,112,186,120,4,5,28,35,25,39,36,49,22,7,10.071428571428571,1.6785714285714286,0.25,0.2916666666666667,5,6.5,13.363636363636363,1.55,0.22321428571428573,13.363636363636363,6.5,7,11,47.65625
PSL,1168834,2019-02-24,2018/19,Quetta Gladiators,Karachi Kings,0,0,0,-2,186,120,188,112,5,4,35,28,19,53,36,59,30,7,9.3,1.55,0.2916666666666667,0.25,4,8.833333333333334,11.799999999999999,1.6785714285714286,0.15833333333333333,11.799999999999999,8.833333333333334,7,12,86.71875
PSL,1168835,2019-02-26,2018/19,Islamabad United,Multan Sultans,0,0,0,-1,121,106,122,109,10,4,52,49,17,45,36,23,16,8,6.849056603773585,1.1415094339622642,0.49056603773584906,0.44954128440366975,4,7.5,8.625,1.1192660550458715,0.16037735849056603,8.625,7.5,8,12,82.03125
PSL,1168835,2019-02-26,2018/19,Multan Sultans,Islamabad United,1,1,0,1,122,109,121,106,4,10,49,52,16,52,36,24,19,8,6.715596330275229,1.1192660550458715,0.44954128440366975,0.49056603773584906,10,8.666666666666666,7.578947368421052,1.1415094339622642,0.14678899082568808,7.578947368421052,8.666666666666666,8,10,17.96875
PSL,1168836,2019-02-27,2018/19,Lahore Qalandars,Quetta Gladiators,1,1,0,1,107,99,106,115,2,10,40,53,14,35,36,13,9,5,6.484848484848485,1.0808080808080809,0.40404040404040403,0.4608695652173913,10,5.833333333333333,8.666666666666666,0.9217391304347826,0.1414141414141414,8.666666666666666,5.833333333333333,5,10,14.84375
PSL,1168836,2019-02-27,2018/19,Quetta Gladiators,Lahore Qalandars,0,0,0,-1,106,115,107,99,10,2,53,40,9,45,36,13,25,5,5.530434782608696,0.9217391304347826,0.4608695652173913,0.40404040404040403,2,7.5,3.12,1.0808080808080809,0.0782608695652174,3.12,7.5,5,12,86.71875
PSL,1168837,2019-02-27,2018/19,Islamabad United,Karachi Kings,1,1,0,1,169,116,168,120,5,8,45,39,23,44,36,48,26,9,8.741379310344827,1.456896551724138,0.3879310344827586,0.325,8,7.333333333333334,11.076923076923077,1.4,0.19827586206896552,11.076923076923077,7.333333333333334,9,12,82.03125
PSL,1168837,2019-02-27,2018/19,Karachi Kings,Islamabad United,0,0,0,-1,168,120,169,116,8,5,39,45,22,67,36,34,30,9,8.399999999999999,1.4,0.325,0.3879310344827586,5,11.166666666666668,6.8,1.456896551724138,0.18333333333333332,6.8,11.166666666666668,9,11,47.65625
PSL,1168838,2019-02-28,2018/19,Multan Sultans,Peshawar Zalmi,0,0,0,-4,172,120,176,116,5,3,37,30,21,65,36,48,30,3,8.6,1.4333333333333333,0.30833333333333335,0.25862068965517243,3,10.833333333333334,9.600000000000001,1.5172413793103448,0.175,9.600000000000001,10.833333333333334,3,10,17.96875
PSL,1168838,2019-02-28,2018/19,Peshawar Zalmi,Multan Sultans,1,1,0,4,176,116,172,120,3,5,30,37,20,39,36,61,26,3,9.103448275862068,1.5172413793103448,0.25862068965517243,0.30833333333333335,5,6.5,14.076923076923077,1.4333333333333333,0.1724137931034483,14.076923076923077,6.5,3,13,66.40625
PSL,1168839,2019-02-28,2018/19,Karachi Kings,Lahore Qalandars,1,1,0,1,134,115,133,120,5,5,49,52,16,29,36,37,25,6,6.991304347826087,1.1652173913043478,0.4260869565217391,0.43333333333333335,5,4.833333333333334,8.879999999999999,1.1083333333333334,0.1391304347826087,8.879999999999999,4.833333333333334,6,11,47.65625
PSL,1168839,2019-02-28,2018/19,Lahore Qalandars,Karachi Kings,0,0,0,-1,133,120,134,115,5,5,52,49,15,42,36,38,30,6,6.65,1.1083333333333334,0.43333333333333335,0.4260869565217391,5,7.0,7.6,1.1652173913043478,0.125,7.6,7.0,6,10,14.84375
PSL,1168840,2019-03-01,2018/19,Islamabad United,Peshawar Zalmi,0,0,0,-1,176,120,177,120,10,6,38,44,23,44,36,44,30,8,8.799999999999999,1.4666666666666666,0.31666666666666665,0.36666666666666664,6,7.333333333333334,8.799999999999999,1.475,0.19166666666666668,8.799999999999999,7.333333333333334,8,12,82.03125
PSL,1168840,2019-03-01,2018/19,Peshawar Zalmi,Islamabad United,1,1,0,1,177,120,176,120,6,10,44,38,18,58,36,49,30,8,8.850000000000001,1.475,0.36666666666666664,0.31666666666666665,10,9.666666666666668,9.8,1.4666666666666666,0.15,9.8,9.666666666666668,8,13,66.40625
PSL,1168841,2019-03-01,2018/19,Multan Sultans,Quetta Gladiators,0,0,0,-1,121,120,122,114,10,4,55,50,11,35,36,27,30,6,6.05,1.0083333333333333,0.4583333333333333,0.43859649122807015,4,5.833333333333333,5.4,1.0701754385964912,0.09166666666666666,5.4,5.833333333333333,6,10,17.96875
PSL,1168841,2019-03-01,2018/19,Quetta Gladiators,Multan Sultans,1,1,0,1,122,114,121,120,4,10,50,55,14,50,36,26,24,6,6.421052631578947,1.0701754385964912,0.43859649122807015,0.4583333333333333,10,8.333333333333332,6.5,1.0083333333333333,0.12280701754385964,6.5,8.333333333333332,6,12,86.71875
PSL,1168842,2019-03-04,2018/19,Peshawar Zalmi,Quetta Gladiators,0,0,0,-1,165,120,166,106,4,2,45,28,23,53,36,54,30,2,8.25,1.375,0.375,0.2641509433962264,2,8.833333333333334,10.8,1.5660377358490567,0.19166666666666668,10.8,8.833333333333334,2,13,66.40625
PSL,1168842,2019-03-04,2018/19,Quetta Gladiators,Peshawar Zalmi,1,1,0,1,166,106,165,120,2,4,28,45,19,45,36,38,16,2,9.39622641509434,1.5660377358490567,0.2641509433962264,0.375,4,7.5,14.25,1.375,0.1792452830188679,14.25,7.5,2,12,86.71875
PSL,1168843,2019-03-04,2018/19,Karachi Kings,Multan Sultans,1,1,0,2,120,116,118,120,5,7,50,48,13,30,36,35,26,4,6.206896551724139,1.0344827586206897,0.43103448275862066,0.4,7,5.0,8.076923076923077,0.9833333333333333,0.11206896551724138,8.076923076923077,5.0,4,11,47.65625
PSL,1168843,2019-03-04,2018/19,Multan Sultans,Karachi Kings,0,0,0,-2,118,120,120,116,7,5,48,50,11,35,36,35,30,4,5.8999999999999995,0.9833333333333333,0.4,0.43103448275862066,5,5.833333333333333,7.0,1.0344827586206897,0.09166666666666666,7.0,5.833333333333333,4,10,17.96875
PSL,1168844,2019-03-05,2018/19,Lahore Qalandars,Peshawar Zalmi,0,0,0,-1,124,120,125,119,7,6,53,51,15,35,36,36,30,6,6.200000000000001,1.0333333333333334,0.44166666666666665,0.42857142857142855,6,5.833333333333333,7.199999999999999,1.050420168067227,0.125,7.199999999999999,5.833333333333333,6,10,14.84375
PSL,1168844,2019-03-05,2018/19,Peshawar Zalmi,Lahore Qalandars,1,1,0,1,125,119,124,120,6,7,51,53,12,20,36,48,29,6,6.302521008403362,1.050420168067227,0.42857142857142855,0.44166666666666665,7,3.3333333333333335,9.931034482758621,1.0333333333333334,0.10084033613445378,9.931034482758621,3.3333333333333335,6,13,66.40625
PSL,1168845,2019-03-05,2018/19,Islamabad United,Quetta Gladiators,0,1,0,-43,137,120,180,120,9,9,50,45,17,40,36,28,30,14,6.85,1.1416666666666666,0.4166666666666667,0.375,9,6.666666666666667,5.6,1.5,0.14166666666666666,5.6,6.666666666666667,14,12,82.03125
PSL,1168845,2019-03-05,2018/19,Quetta Gladiators,Islamabad United,1,0,0,43,180,120,137,120,9,9,45,50,23,57,36,54,30,14,9.0,1.5,0.375,0.4166666666666667,9,9.5,10.8,1.1416666666666666,0.19166666666666668,10.8,9.5,14,12,86.71875
PSL,1168846,2019-03-11,2018/19,Karachi Kings,Peshawar Zalmi,0,1,0,-61,142,98,203,120,10,7,39,37,18,57,36,4,8,11,8.693877551020408,1.4489795918367347,0.3979591836734694,0.30833333333333335,7,9.5,3.0,1.6916666666666667,0.1836734693877551,3.0,9.5,11,11,47.65625
PSL,1168846,2019-03-11,2018/19,Peshawar Zalmi,Karachi Kings,1,0,0,61,203,120,142,98,7,10,37,39,29,61,36,45,30,11,10.15,1.6916666666666667,0.30833333333333335,0.3979591836734694,10,10.166666666666666,9.0,1.4489795918367347,0.24166666666666667,9.0,10.166666666666666,11,13,66.40625
PSL,1168847,2019-03-09,2018/19,Lahore Qalandars,Islamabad United,0,1,0,-49,189,120,238,120,9,3,47,29,28,64,36,39,30,8,9.45,1.575,0.39166666666666666,0.24166666666666667,3,10.666666666666666,7.800000000000001,1.9833333333333334,0.23333333333333334,7.800000000000001,10.666666666666666,8,10,14.84375
PSL,1168847,2019-03-09,2018/19,Islamabad United,Lahore Qalandars,1,0,0,49,238,120,189,120,3,9,29,47,36,70,36,80,30,8,11.9,1.9833333333333334,0.24166666666666667,0.39166666666666666,9,11.666666666666666,16.0,1.575,0.3,16.0,11.666666666666666,8,12,82.03125
PSL,1168848,2019-03-10,2018/19,Karachi Kings,Quetta Gladiators,1,0,1,1,190,120,189,120,5,7,31,34,23,51,36,65,30,9,9.5,1.5833333333333333,0.25833333333333336,0.2833333333333333,7,8.5,13.0,1.575,0.19166666666666668,13.0,8.5,9,11,47.65625
PSL,1168848,2019-03-10,2018/19,Quetta Gladiators,Karachi Kings,0,1,1,-1,189,120,190,120,7,5,34,31,21,66,36,54,30,9,9.45,1.575,0.2833333333333333,0.25833333333333336,5,11.0,10.8,1.5833333333333333,0.175,10.8,11.0,9,12,86.71875
PSL,1168849,2019-03-11,2018/19,Lahore Qalandars,Multan Sultans,0,0,0,-1,140,120,141,75,8,3,52,27,18,38,36,44,30,6,7.0,1.1666666666666667,0.43333333333333335,0.36,3,6.333333333333334,8.799999999999999,1.88,0.15,8.799999999999999,6.333333333333334,6,10,14.84375
PSL,1168849,2019-03-11,2018/19,Multan Sultans,Lahore Qalandars,1,1,0,1,141,75,140,120,3,8,27,52,22,78,36,0,0,6,11.28,1.88,0.36,0.43333333333333335,8,13.0,,1.1666666666666667,0.29333333333333333,,13.0,6,10,17.96875
PSL,1168850,2019-03-14,2018/19,Islamabad United,Karachi Kings,1,1,0,3,164,117,161,120,6,9,47,33,22,48,36,52,27,12,8.410256410256409,1.4017094017094016,0.4017094017094017,0.275,9,8.0,11.555555555555555,1.3416666666666666,0.18803418803418803,11.555555555555555,8.0,12,12,82.03125
PSL,1168850,2019-03-14,2018/19,Karachi Kings,Islamabad United,0,0,0,-3,161,120,164,117,9,6,33,47,20,78,36,28,30,12,8.049999999999999,1.3416666666666666,0.275,0.4017094017094017,6,13.0,5.6,1.4017094017094016,0.16666666666666666,5.6,13.0,12,11,47.65625
PSL,1168851,2019-03-13,2018/19,Peshawar Zalmi,Quetta Gladiators,0,1,1,-10,176,120,186,120,7,6,41,34,24,41,36,69,30,4,8.799999999999999,1.4666666666666666,0.3416666666666667,0.2833333333333333,6,6.833333333333333,13.799999999999999,1.55,0.2,13.799999999999999,6.833333333333333,4,13,66.40625
PSL,1168851,2019-03-13,2018/19,Quetta Gladiators,Peshawar Zalmi,1,0,1,10,186,120,176,120,6,7,34,41,25,57,36,43,30,4,9.3,1.55,0.2833333333333333,0.3416666666666667,7,9.5,8.6,1.4666666666666666,0.20833333333333334,8.6,9.5,4,12,86.71875
PSL,1168852,2019-03-15,2018/19,Islamabad United,Peshawar Zalmi,0,1,0,-48,166,120,214,120,9,5,41,35,18,41,36,27,30,12,8.3,1.3833333333333333,0.3416666666666667,0.2916666666666667,5,6.833333333333333,5.4,1.7833333333333334,0.15,5.4,6.833333333333333,12,12,82.03125
PSL,1168852,2019-03-15,2018/19,Peshawar Zalmi,Islamabad United,1,0,0,48,214,120,166,120,5,9,35,41,32,58,36,63,30,12,10.700000000000001,1.7833333333333334,0.2916666666666667,0.3416666666666667,9,9.666666666666668,12.600000000000001,1.3833333333333333,0.26666666666666666,12.600000000000001,9.666666666666668,12,13,66.40625
PSL,1168853,2019-03-17,2018/19,Quetta Gladiators,Peshawar Zalmi,1,1,0,1,139,107,138,120,2,8,35,47,17,57,36,19,17,7,7.794392523364486,1.2990654205607477,0.32710280373831774,0.39166666666666666,8,9.5,6.705882352941177,1.15,0.1588785046728972,6.705882352941177,9.5,7,12,86.71875
PSL,1168853,2019-03-17,2018/19,Peshawar Zalmi,Quetta Gladiators,0,0,0,-1,138,120,139,107,8,2,47,35,16,41,36,42,30,7,6.8999999999999995,1.15,0.39166666666666666,0.32710280373831774,2,6.833333333333333,8.399999999999999,1.2990654205607477,0.13333333333333333,8.399999999999999,6.833333333333333,7,13,66.40625
PSL,1211642,2020-02-20,2019/20,Islamabad United,Quetta Gladiators,0,0,1,-3,168,115,171,111,10,7,34,36,21,55,36,40,25,10,8.765217391304347,1.4608695652173913,0.2956521739130435,0.32432432432432434,7,9.166666666666666,9.600000000000001,1.5405405405405406,0.1826086956521739,9.600000000000001,9.166666666666666,10,9,58.59375
PSL,1211642,2020-02-20,2019/20,Quetta Gladiators,Islamabad United,1,1,1,3,171,111,168,115,7,10,36,34,23,36,36,41,21,10,9.243243243243244,1.5405405405405406,0.32432432432432434,0.2956521739130435,10,6.0,11.714285714285714,1.4608695652173913,0.2072072072072072,11.714285714285714,6.0,10,9,33.59375
PSL,1211643,2020-02-21,2019/20,Karachi Kings,Peshawar Zalmi,1,0,1,10,201,120,191,120,4,7,29,26,25,57,36,55,30,4,10.05,1.675,0.24166666666666667,0.21666666666666667,7,9.5,11.0,1.5916666666666666,0.20833333333333334,11.0,9.5,4,9,8.59375
PSL,1211643,2020-02-21,2019/20,Peshawar Zalmi,Karachi Kings,0,1,1,-10,191,120,201,120,7,4,26,29,20,50,36,60,30,4,9.549999999999999,1.5916666666666666,0.21666666666666667,0.24166666666666667,4,8.333333333333332,12.0,1.675,0.16666666666666666,12.0,8.333333333333332,4,9,25.78125
PSL,1211644,2020-02-21,2019/20,Lahore Qalandars,Multan Sultans,0,0,0,-4,138,120,142,97,8,5,56,32,18,61,36,37,30,5,6.8999999999999995,1.15,0.4666666666666667,0.32989690721649484,5,10.166666666666666,7.4,1.4639175257731958,0.15,7.4,10.166666666666666,5,10,41.40625
PSL,1211644,2020-02-21,2019/20,Multan Sultans,Lahore Qalandars,1,1,0,4,142,97,138,120,5,8,32,56,17,54,36,17,7,5,8.783505154639174,1.4639175257731958,0.32989690721649484,0.4666666666666667,8,9.0,14.57142857142857,1.15,0.17525773195876287,14.57142857142857,9.0,5,8,97.65625
PSL,1211645,2020-02-22,2019/20,Peshawar Zalmi,Quetta Gladiators,1,1,0,5,153,111,148,120,4,5,48,39,22,69,36,21,21,8,8.27027027027027,1.3783783783783783,0.43243243243243246,0.325,5,11.5,6.0,1.2333333333333334,0.1981981981981982,6.0,11.5,8,9,25.78125
PSL,1211645,2020-02-22,2019/20,Quetta Gladiators,Peshawar Zalmi,0,0,0,-5,148,120,153,111,5,4,39,48,16,36,36,31,30,8,7.4,1.2333333333333334,0.325,0.43243243243243246,4,6.0,6.200000000000001,1.3783783783783783,0.13333333333333333,6.200000000000001,6.0,8,9,33.59375
PSL,1211646,2020-02-22,2019/20,Islamabad United,Multan Sultans,1,1,0,1,165,100,164,120,2,8,28,34,24,63,36,15,10,7,9.899999999999999,1.65,0.28,0.2833333333333333,8,10.5,9.0,1.3666666666666667,0.24,9.0,10.5,7,9,58.59375
PSL,1211646,2020-02-22,2019/20,Multan Sultans,Islamabad United,0,0,0,-1,164,120,165,100,8,2,34,28,21,42,36,51,30,7,8.2,1.3666666666666667,0.2833333333333333,0.28,2,7.0,10.2,1.65,0.175,10.2,7.0,7,8,97.65625
PSL,1211647,2020-02-23,2019/20,Karachi Kings,Quetta Gladiators,0,0,0,-1,156,120,157,114,9,5,43,32,18,40,36,52,30,5,7.800000000000001,1.3,0.35833333333333334,0.2807017543859649,5,6.666666666666667,10.4,1.3771929824561404,0.15,10.4,6.666666666666667,5,9,8.59375
PSL,1211647,2020-02-23,2019/20,Quetta Gladiators,Karachi Kings,1,1,0,1,157,114,156,120,5,9,32,43,18,41,36,41,24,5,8.263157894736842,1.3771929824561404,0.2807017543859649,0.35833333333333334,9,6.833333333333333,10.25,1.3,0.15789473684210525,10.25,6.833333333333333,5,9,33.59375
PSL,1211648,2020-02-23,2019/20,Lahore Qalandars,Islamabad United,0,0,1,-1,182,120,183,119,6,9,43,43,25,57,36,60,30,12,9.1,1.5166666666666666,0.35833333333333334,0.36134453781512604,9,9.5,12.0,1.5378151260504203,0.20833333333333334,12.0,9.5,12,10,41.40625
PSL,1211648,2020-02-23,2019/20,Islamabad United,Lahore Qalandars,1,1,1,1,183,119,182,120,9,6,43,43,24,51,36,45,29,12,9.226890756302522,1.5378151260504203,0.36134453781512604,0.35833333333333334,6,8.5,9.310344827586206,1.5166666666666666,0.20168067226890757,9.310344827586206,8.5,12,9,58.59375
PSL,1211649,2020-02-26,2019/20,Multan Sultans,Peshawar Zalmi,1,1,0,1,124,89,123,111,4,10,36,55,19,47,36,0,0,14,8.359550561797754,1.3932584269662922,0.4044943820224719,0.4954954954954955,10,7.833333333333334,,1.1081081081081081,0.21348314606741572,,7.833333333333334,14,8,97.65625
PSL,1211649,2020-02-26,2019/20,Peshawar Zalmi,Multan Sultans,0,0,0,-1,123,111,124,89,10,4,55,36,17,48,36,18,21,14,6.648648648648649,1.1081081081081081,0.4954954954954955,0.4044943820224719,4,8.0,5.142857142857142,1.3932584269662922,0.15315315315315314,5.142857142857142,8.0,14,9,25.78125
PSL,1211650,2020-02-27,2019/20,Islamabad United,Quetta Gladiators,0,0,0,-3,187,120,190,118,7,5,43,39,25,57,36,33,30,7,9.35,1.5583333333333333,0.35833333333333334,0.3305084745762712,5,9.5,6.6000000000000005,1.6101694915254237,0.20833333333333334,6.6000000000000005,9.5,7,9,58.59375
PSL,1211650,2020-02-27,2019/20,Quetta Gladiators,Islamabad United,1,1,0,3,190,118,187,120,5,7,39,43,27,50,36,57,28,7,9.661016949152541,1.6101694915254237,0.3305084745762712,0.35833333333333334,7,8.333333333333332,12.214285714285714,1.5583333333333333,0.2288135593220339,12.214285714285714,8.333333333333332,7,9,33.59375
PSL,1211651,2020-02-28,2019/20,Multan Sultans,Karachi Kings,1,0,0,52,186,120,134,102,6,10,30,41,22,48,36,54,30,12,9.3,1.55,0.25,0.4019607843137255,10,8.0,10.8,1.3137254901960784,0.18333333333333332,10.8,8.0,12,8,97.65625
PSL,1211651,2020-02-28,2019/20,Karachi Kings,Multan Sultans,0,1,0,-52,134,102,186,120,10,6,41,30,17,55,36,14,12,12,7.882352941176471,1.3137254901960784,0.4019607843137255,0.25,6,9.166666666666666,7.0,1.55,0.16666666666666666,7.0,9.166666666666666,12,9,8.59375
PSL,1211652,2020-02-28,2019/20,Lahore Qalandars,Peshawar Zalmi,0,1,0,-16,116,72,132,72,6,7,22,26,17,54,36,0,0,11,9.666666666666668,1.6111111111111112,0.3055555555555556,0.3611111111111111,7,9.0,,1.8333333333333333,0.2361111111111111,,9.0,11,10,41.40625
PSL,1211652,2020-02-28,2019/20,Peshawar Zalmi,Lahore Qalandars,1,0,0,16,132,72,116,72,7,6,26,22,18,86,36,0,0,11,11.0,1.8333333333333333,0.3611111111111111,0.3055555555555556,6,14.333333333333332,,1.6111111111111112,0.25,,14.333333333333332,11,9,25.78125
PSL,1211653,2020-02-29,2019/20,Multan Sultans,Quetta Gladiators,1,0,0,30,199,120,169,120,5,7,37,48,30,39,36,67,30,10,9.950000000000001,1.6583333333333334,0.30833333333333335,0.4,7,6.5,13.4,1.4083333333333334,0.25,13.4,6.5,10,8,97.65625
PSL,1211653,2020-02-29,2019/20,Quetta Gladiators,Multan Sultans,0,1,0,-30,169,120,199,120,7,5,48,37,26,54,36,31,30,10,8.450000000000001,1.4083333333333334,0.4,0.30833333333333335,5,9.0,6.200000000000001,1.6583333333333334,0.21666666666666667,6.200000000000001,9.0,10,9,33.59375
PSL,1211655,2020-03-01,2019/20,Islamabad United,Karachi Kings,0,0,0,-4,183,120,187,112,3,5,37,37,23,47,36,63,30,6,9.149999999999999,1.525,0.30833333333333335,0.33035714285714285,5,7.833333333333334,12.600000000000001,1.6696428571428572,0.19166666666666668,12.600000000000001,7.833333333333334,6,9,58.59375
PSL,1211655,2020-03-01,2019/20,Karachi Kings,Islamabad United,1,1,0,4,187,112,183,120,5,3,37,37,25,64,36,46,22,6,10.017857142857142,1.6696428571428572,0.33035714285714285,0.30833333333333335,3,10.666666666666666,12.545454545454545,1.525,0.22321428571428573,12.545454545454545,10.666666666666666,6,9,8.59375
PSL,1211656,2020-03-02,2019/20,Karachi Kings,Peshawar Zalmi,1,1,0,1,152,109,151,120,4,8,42,40,23,55,36,24,19,7,8.36697247706422,1.3944954128440368,0.3853211009174312,0.3333333333333333,8,9.166666666666666,7.578947368421052,1.2583333333333333,0.21100917431192662,7.578947368421052,9.166666666666666,7,9,8.59375
PSL,1211656,2020-03-02,2019/20,Peshawar Zalmi,Karachi Kings,0,0,0,-1,151,120,152,109,8,4,40,42,15,28,36,47,30,7,7.55,1.2583333333333333,0.3333333333333333,0.3853211009174312,4,4.666666666666667,9.4,1.3944954128440368,0.125,9.4,4.666666666666667,7,9,25.78125
PSL,1211657,2020-03-03,2019/20,Lahore Qalandars,Quetta Gladiators,1,0,0,37,209,120,172,120,5,10,36,45,31,47,36,69,30,12,10.45,1.7416666666666667,0.3,0.375,10,7.833333333333334,13.799999999999999,1.4333333333333333,0.25833333333333336,13.799999999999999,7.833333333333334,12,10,41.40625
PSL,1211657,2020-03-03,2019/20,Quetta Gladiators,Lahore Qalandars,0,1,0,-37,172,120,209,120,10,5,45,36,23,51,36,43,30,12,8.6,1.4333333333333333,0.375,0.3,5,8.5,8.6,1.7416666666666667,0.19166666666666668,8.6,8.5,12,9,33.59375
PSL,1211658,2020-03-04,2019/20,Lahore Qalandars,Islamabad United,0,1,0,-71,127,113,198,120,10,3,56,30,16,35,36,38,23,10,6.743362831858407,1.1238938053097345,0.49557522123893805,0.25,3,5.833333333333333,9.91304347826087,1.65,0.1415929203539823,9.91304347826087,5.833333333333333,10,10,41.40625
PSL,1211658,2020-03-04,2019/20,Islamabad United,Lahore Qalandars,1,0,0,71,198,120,127,113,3,10,30,56,29,50,36,65,30,10,9.899999999999999,1.65,0.25,0.49557522123893805,10,8.333333333333332,13.0,1.1238938053097345,0.24166666666666667,13.0,8.333333333333332,10,9,58.59375
PSL,1211659,2020-03-05,2019/20,Peshawar Zalmi,Quetta Gladiators,1,0,0,30,170,90,140,90,6,7,25,32,25,45,36,0,0,10,11.333333333333332,1.8888888888888888,0.2777777777777778,0.35555555555555557,7,7.5,,1.5555555555555556,0.2777777777777778,,7.5,10,9,25.78125
PSL,1211659,2020-03-05,2019/20,Quetta Gladiators,Peshawar Zalmi,0,1,0,-30,140,90,170,90,7,6,32,25,18,59,36,0,0,10,9.333333333333334,1.5555555555555556,0.35555555555555557,0.2777777777777778,6,9.833333333333332,,1.8888888888888888,0.2,,9.833333333333332,10,9,33.59375
PSL,1211661,2020-03-07,2019/20,Islamabad United,Peshawar Zalmi,0,0,1,110,195,120,85,54,5,2,31,15,20,59,36,45,30,6,9.75,1.625,0.25833333333333336,0.2777777777777778,2,9.833333333333332,9.0,1.5740740740740742,0.16666666666666666,9.0,9.833333333333332,6,9,58.59375
PSL,1211661,2020-03-07,2019/20,Peshawar Zalmi,Islamabad United,1,1,1,-110,85,54,195,120,2,5,15,31,11,61,36,0,0,6,9.444444444444445,1.5740740740740742,0.2777777777777778,0.25833333333333336,5,10.166666666666666,,1.625,0.2037037037037037,,10.166666666666666,6,9,25.78125
PSL,1211662,2020-03-07,2019/20,Lahore Qalandars,Quetta Gladiators,1,1,0,2,100,71,98,120,2,9,28,76,13,35,36,0,0,7,8.450704225352112,1.408450704225352,0.39436619718309857,0.6333333333333333,9,5.833333333333333,,0.8166666666666667,0.18309859154929578,,5.833333333333333,7,10,41.40625
PSL,1211662,2020-03-07,2019/20,Quetta Gladiators,Lahore Qalandars,0,0,0,-2,98,120,100,71,9,2,76,28,10,21,36,41,30,7,4.9,0.8166666666666667,0.6333333333333333,0.39436619718309857,2,3.5,8.2,1.408450704225352,0.08333333333333333,8.2,3.5,7,9,33.59375
PSL,1211663,2020-03-08,2019/20,Islamabad United,Multan Sultans,0,0,0,-3,91,54,94,40,7,1,17,6,11,68,36,0,0,4,10.11111111111111,1.6851851851851851,0.3148148148148148,0.15,1,11.333333333333332,,2.35,0.2037037037037037,,11.333333333333332,4,9,58.59375
PSL,1211663,2020-03-08,2019/20,Multan Sultans,Islamabad United,1,1,0,3,94,40,91,54,1,7,6,17,18,84,36,0,0,4,14.100000000000001,2.35,0.15,0.3148148148148148,7,14.0,,1.6851851851851851,0.45,,14.0,4,8,97.65625
PSL,1211664,2020-03-08,2019/20,Lahore Qalandars,Karachi Kings,1,1,0,3,190,115,187,120,2,5,36,39,24,32,36,62,25,3,9.91304347826087,1.6521739130434783,0.3130434782608696,0.325,5,5.333333333333333,14.879999999999999,1.5583333333333333,0.20869565217391303,14.879999999999999,5.333333333333333,3,10,41.40625
PSL,1211664,2020-03-08,2019/20,Karachi Kings,Lahore Qalandars,0,0,0,-3,187,120,190,115,5,2,39,36,27,48,36,72,30,3,9.35,1.5583333333333333,0.325,0.3130434782608696,2,8.0,14.399999999999999,1.6521739130434783,0.225,14.399999999999999,8.0,3,9,8.59375
PSL,1211665,2020-03-10,2019/20,Lahore Qalandars,Peshawar Zalmi,1,1,0,2,189,119,187,120,5,7,28,35,24,49,36,54,29,9,9.529411764705882,1.588235294117647,0.23529411764705882,0.2916666666666667,7,8.166666666666668,11.172413793103448,1.5583333333333333,0.20168067226890757,11.172413793103448,8.166666666666668,9,10,41.40625
PSL,1211665,2020-03-10,2019/20,Peshawar Zalmi,Lahore Qalandars,0,0,0,-2,187,120,189,119,7,5,35,28,24,42,36,48,30,9,9.35,1.5583333333333333,0.2916666666666667,0.23529411764705882,5,7.0,9.600000000000001,1.588235294117647,0.2,9.600000000000001,7.0,9,9,25.78125
PSL,1211667,2020-03-12,2019/20,Karachi Kings,Lahore Qalandars,1,1,0,1,151,103,150,120,0,5,32,41,19,52,36,26,13,3,8.79611650485437,1.4660194174757282,0.3106796116504854,0.3416666666666667,5,8.666666666666666,12.0,1.25,0.18446601941747573,12.0,8.666666666666666,3,9,8.59375
PSL,1211667,2020-03-12,2019/20,Lahore Qalandars,Karachi Kings,0,0,0,-1,150,120,151,103,5,0,41,32,18,49,36,38,30,3,7.5,1.25,0.3416666666666667,0.3106796116504854,0,8.166666666666668,7.6,1.4660194174757282,0.15,7.6,8.166666666666668,3,10,41.40625
PSL,1211668,2020-03-13,2019/20,Multan Sultans,Peshawar Zalmi,1,0,1,3,154,120,151,120,6,8,41,44,17,39,36,47,30,10,7.700000000000001,1.2833333333333334,0.3416666666666667,0.36666666666666664,8,6.5,9.4,1.2583333333333333,0.14166666666666666,9.4,6.5,10,8,97.65625
PSL,1211668,2020-03-13,2019/20,Peshawar Zalmi,Multan Sultans,0,1,1,-3,151,120,154,120,8,6,44,41,15,32,36,49,30,10,7.55,1.2583333333333333,0.36666666666666664,0.3416666666666667,6,5.333333333333333,9.8,1.2833333333333334,0.125,9.8,5.333333333333333,10,9,25.78125
PSL,1211669,2020-03-14,2019/20,Karachi Kings,Islamabad United,1,1,0,1,137,116,136,120,6,6,57,41,17,60,36,40,26,8,7.086206896551724,1.1810344827586208,0.49137931034482757,0.3416666666666667,6,10.0,9.230769230769232,1.1333333333333333,0.14655172413793102,9.230769230769232,10.0,8,9,8.59375
PSL,1211669,2020-03-14,2019/20,Islamabad United,Karachi Kings,0,0,0,-1,136,120,137,116,6,6,41,57,13,47,36,36,30,8,6.8,1.1333333333333333,0.3416666666666667,0.49137931034482757,6,7.833333333333334,7.199999999999999,1.1810344827586208,0.10833333333333334,7.199999999999999,7.833333333333334,8,9,58.59375
PSL,1211670,2020-03-15,2019/20,Lahore Qalandars,Multan Sultans,1,1,0,5,191,113,186,120,1,6,42,31,31,72,36,45,23,5,10.141592920353983,1.6902654867256637,0.37168141592920356,0.25833333333333336,6,12.0,11.73913043478261,1.55,0.2743362831858407,11.73913043478261,12.0,5,10,41.40625
PSL,1211670,2020-03-15,2019/20,Multan Sultans,Lahore Qalandars,0,0,0,-5,186,120,191,113,6,1,31,42,23,36,36,77,30,5,9.3,1.55,0.25833333333333336,0.37168141592920356,1,6.0,15.400000000000002,1.6902654867256637,0.19166666666666668,15.400000000000002,6.0,5,8,97.65625
PSL,1211671,2020-03-15,2019/20,Karachi Kings,Quetta Gladiators,0,0,0,-4,150,120,154,98,5,5,40,32,16,36,36,43,30,8,7.5,1.25,0.3333333333333333,0.32653061224489793,5,6.0,8.6,1.5714285714285714,0.13333333333333333,8.6,6.0,8,9,8.59375
PSL,1211671,2020-03-15,2019/20,Quetta Gladiators,Karachi Kings,1,1,0,4,154,98,150,120,5,5,32,40,24,59,36,13,8,8,9.428571428571429,1.5714285714285714,0.32653061224489793,0.3333333333333333,5,9.833333333333332,9.75,1.25,0.24489795918367346,9.75,9.833333333333332,8,9,33.59375
PSL,1211673,2020-11-14,2020/21,Peshawar Zalmi,Lahore Qalandars,0,0,0,-1,170,120,171,114,9,5,34,35,18,38,36,50,30,12,8.5,1.4166666666666667,0.2833333333333333,0.30701754385964913,5,6.333333333333334,10.0,1.5,0.15,10.0,6.333333333333334,12,6,78.90625
PSL,1211673,2020-11-14,2020/21,Lahore Qalandars,Peshawar Zalmi,1,1,0,1,171,114,170,120,5,9,35,34,23,41,36,44,24,12,9.0,1.5,0.30701754385964913,0.2833333333333333,9,6.833333333333333,11.0,1.4166666666666667,0.20175438596491227,11.0,6.833333333333333,12,7,75.78125
PSL,1211675,2020-11-15,2020/21,Lahore Qalandars,Multan Sultans,1,0,0,25,182,120,157,115,6,10,37,31,26,54,36,67,30,13,9.1,1.5166666666666666,0.30833333333333335,0.26956521739130435,10,9.0,13.4,1.3652173913043477,0.21666666666666667,13.4,9.0,13,7,75.78125
PSL,1211675,2020-11-15,2020/21,Multan Sultans,Lahore Qalandars,0,1,0,-25,157,115,182,120,10,6,31,37,16,63,36,37,25,13,8.191304347826087,1.3652173913043477,0.26956521739130435,0.30833333333333335,6,10.5,8.879999999999999,1.5166666666666666,0.1391304347826087,8.879999999999999,10.5,13,6,28.90625
PSL,1231146,2020-11-17,2020/21,Lahore Qalandars,Karachi Kings,0,0,0,-1,134,120,135,112,7,5,47,34,14,37,36,40,30,10,6.7,1.1166666666666667,0.39166666666666666,0.30357142857142855,5,6.166666666666666,8.0,1.2053571428571428,0.11666666666666667,8.0,6.166666666666666,10,7,75.78125
PSL,1231146,2020-11-17,2020/21,Karachi Kings,Lahore Qalandars,1,1,0,1,135,112,134,120,5,7,34,47,13,43,36,25,22,10,7.232142857142857,1.2053571428571428,0.30357142857142855,0.39166666666666666,7,7.166666666666666,6.818181818181818,1.1166666666666667,0.11607142857142858,6.818181818181818,7.166666666666666,10,6,72.65625
PSL,1247011,2021-02-20,2020/21,Quetta Gladiators,Karachi Kings,0,0,0,-5,121,110,126,83,10,3,56,31,16,49,36,17,20,10,6.6000000000000005,1.1,0.509090909090909,0.37349397590361444,3,8.166666666666668,5.1,1.5180722891566265,0.14545454545454545,5.1,8.166666666666668,10,5,7.03125
PSL,1247011,2021-02-20,2020/21,Karachi Kings,Quetta Gladiators,1,1,0,5,126,83,121,110,3,10,31,56,19,60,36,0,0,10,9.108433734939759,1.5180722891566265,0.37349397590361444,0.509090909090909,10,10.0,,1.1,0.2289156626506024,,10.0,10,6,72.65625
PSL,1247012,2021-02-21,2020/21,Peshawar Zalmi,Lahore Qalandars,0,0,0,-3,140,120,143,111,6,6,48,43,16,36,36,46,30,8,7.0,1.1666666666666667,0.4,0.38738738738738737,6,6.0,9.200000000000001,1.2882882882882882,0.13333333333333333,9.200000000000001,6.0,8,6,78.90625
PSL,1247012,2021-02-21,2020/21,Lahore Qalandars,Peshawar Zalmi,1,1,0,3,143,111,140,120,6,6,43,48,20,38,36,34,21,8,7.72972972972973,1.2882882882882882,0.38738738738738737,0.4,6,6.333333333333334,9.714285714285715,1.1666666666666667,0.18018018018018017,9.714285714285715,6.333333333333334,8,7,75.78125
PSL,1247013,2021-02-21,2020/21,Multan Sultans,Islamabad United,0,0,1,-1,150,120,151,114,8,7,48,43,19,39,36,39,30,11,7.5,1.25,0.4,0.37719298245614036,7,6.5,7.800000000000001,1.3245614035087718,0.15833333333333333,7.800000000000001,6.5,11,6,28.90625
PSL,1247013,2021-02-21,2020/21,Islamabad United,Multan Sultans,1,1,1,1,151,114,150,120,7,8,43,48,20,48,36,42,24,11,7.947368421052631,1.3245614035087718,0.37719298245614036,0.4,8,8.0,10.5,1.25,0.17543859649122806,10.5,8.0,11,4,42.96875
PSL,1247014,2021-02-22,2020/21,Quetta Gladiators,Lahore Qalandars,0,0,0,-1,178,120,179,110,6,1,39,30,20,38,36,59,30,4,8.9,1.4833333333333334,0.325,0.2727272727272727,1,6.333333333333334,11.799999999999999,1.6272727272727272,0.16666666666666666,11.799999999999999,6.333333333333334,4,5,7.03125
PSL,1247014,2021-02-22,2020/21,Lahore Qalandars,Quetta Gladiators,1,1,0,1,179,110,178,120,1,6,30,39,24,48,36,48,20,4,9.763636363636364,1.6272727272727272,0.2727272727272727,0.325,6,8.0,14.399999999999999,1.4833333333333334,0.21818181818181817,14.399999999999999,8.0,4,7,75.78125
PSL,1247015,2021-02-23,2020/21,Multan Sultans,Peshawar Zalmi,0,0,0,-4,193,120,197,114,4,4,35,28,25,46,36,54,30,6,9.65,1.6083333333333334,0.2916666666666667,0.24561403508771928,4,7.666666666666666,10.8,1.7280701754385965,0.20833333333333334,10.8,7.666666666666666,6,6,28.90625
PSL,1247015,2021-02-23,2020/21,Peshawar Zalmi,Multan Sultans,1,1,0,4,197,114,193,120,4,4,28,35,27,56,36,64,24,6,10.368421052631579,1.7280701754385965,0.24561403508771928,0.2916666666666667,4,9.333333333333334,16.0,1.6083333333333334,0.23684210526315788,16.0,9.333333333333334,6,6,78.90625
PSL,1247016,2021-02-24,2020/21,Karachi Kings,Islamabad United,0,0,0,-1,196,120,197,115,3,5,38,30,27,33,36,56,30,3,9.8,1.6333333333333333,0.31666666666666665,0.2608695652173913,5,5.5,11.2,1.7130434782608697,0.225,11.2,5.5,3,6,72.65625
PSL,1247016,2021-02-24,2020/21,Islamabad United,Karachi Kings,1,1,0,1,197,115,196,120,5,3,30,38,25,77,36,48,25,3,10.278260869565218,1.7130434782608697,0.2608695652173913,0.31666666666666665,3,12.833333333333332,11.52,1.6333333333333333,0.21739130434782608,11.52,12.833333333333332,3,4,42.96875
PSL,1247017,2021-02-26,2020/21,Lahore Qalandars,Multan Sultans,0,0,0,-2,157,120,159,98,6,3,45,32,19,25,36,45,30,7,7.85,1.3083333333333333,0.375,0.32653061224489793,3,4.166666666666666,9.0,1.6224489795918366,0.15833333333333333,9.0,4.166666666666666,7,7,75.78125
PSL,1247017,2021-02-26,2020/21,Multan Sultans,Lahore Qalandars,1,1,0,2,159,98,157,120,3,6,32,45,22,58,36,14,8,7,9.73469387755102,1.6224489795918366,0.32653061224489793,0.375,6,9.666666666666668,10.5,1.3083333333333333,0.22448979591836735,10.5,9.666666666666668,7,6,28.90625
PSL,1247018,2021-02-26,2020/21,Quetta Gladiators,Peshawar Zalmi,0,0,1,-4,198,120,202,117,7,7,38,34,30,42,36,65,30,8,9.899999999999999,1.65,0.31666666666666665,0.2905982905982906,7,7.0,13.0,1.7264957264957266,0.25,13.0,7.0,8,5,7.03125
PSL,1247018,2021-02-26,2020/21,Peshawar Zalmi,Quetta Gladiators,1,1,1,4,202,117,198,120,7,7,34,38,25,58,36,66,27,8,10.35897435897436,1.7264957264957266,0.2905982905982906,0.31666666666666665,7,9.666666666666668,14.666666666666668,1.65,0.21367521367521367,14.666666666666668,9.666666666666668,8,6,78.90625
PSL,1247019,2021-02-27,2020/21,Multan Sultans,Karachi Kings,0,0,0,-3,195,120,198,113,6,3,32,27,22,72,36,47,30,7,9.75,1.625,0.26666666666666666,0.23893805309734514,3,12.0,9.4,1.752212389380531,0.18333333333333332,9.4,12.0,7,6,28.90625
PSL,1247019,2021-02-27,2020/21,Karachi Kings,Multan Sultans,1,1,0,3,198,113,195,120,3,6,27,32,29,68,36,38,23,7,10.513274336283185,1.752212389380531,0.23893805309734514,0.26666666666666666,6,11.333333333333332,9.91304347826087,1.625,0.25663716814159293,9.91304347826087,11.333333333333332,7,6,72.65625
PSL,1247020,2021-02-27,2020/21,Islamabad United,Peshawar Zalmi,0,0,0,-4,118,103,122,103,10,4,39,46,12,47,36,7,13,8,6.87378640776699,1.145631067961165,0.3786407766990291,0.44660194174757284,4,7.833333333333334,3.230769230769231,1.1844660194174756,0.11650485436893204,3.230769230769231,7.833333333333334,8,4,42.96875
PSL,1247020,2021-02-27,2020/21,Peshawar Zalmi,Islamabad United,1,1,0,4,122,103,118,103,4,10,46,39,14,26,36,26,13,8,7.106796116504854,1.1844660194174756,0.44660194174757284,0.3786407766990291,10,4.333333333333333,12.0,1.145631067961165,0.13592233009708737,12.0,4.333333333333333,8,6,78.90625
PSL,1247021,2021-02-28,2020/21,Karachi Kings,Lahore Qalandars,0,0,0,-3,186,120,189,116,9,4,48,36,26,53,36,37,30,5,9.3,1.55,0.4,0.3103448275862069,4,8.833333333333334,7.4,1.6293103448275863,0.21666666666666667,7.4,8.833333333333334,5,6,72.65625
PSL,1247021,2021-02-28,2020/21,Lahore Qalandars,Karachi Kings,1,1,0,3,189,116,186,120,4,9,36,48,27,46,36,53,26,5,9.775862068965518,1.6293103448275863,0.3103448275862069,0.4,9,7.666666666666666,12.23076923076923,1.55,0.23275862068965517,12.23076923076923,7.666666666666666,5,7,75.78125
PSL,1247022,2021-03-02,2020/21,Quetta Gladiators,Islamabad United,0,0,0,-1,156,120,157,102,7,4,42,38,16,41,36,34,30,5,7.800000000000001,1.3,0.35,0.37254901960784315,4,6.833333333333333,6.8,1.5392156862745099,0.13333333333333333,6.8,6.833333333333333,5,5,7.03125
PSL,1247022,2021-03-02,2020/21,Islamabad United,Quetta Gladiators,1,1,0,1,157,102,156,120,4,7,38,42,25,76,36,27,12,5,9.23529411764706,1.5392156862745099,0.37254901960784315,0.35,7,12.666666666666668,13.5,1.3,0.24509803921568626,13.5,12.666666666666668,5,4,42.96875
PSL,1247023,2021-03-03,2020/21,Peshawar Zalmi,Karachi Kings,0,0,0,-3,188,120,191,117,5,4,41,45,24,39,36,76,30,8,9.4,1.5666666666666667,0.3416666666666667,0.38461538461538464,4,6.5,15.2,1.6324786324786325,0.2,15.2,6.5,8,6,78.90625
PSL,1247023,2021-03-03,2020/21,Karachi Kings,Peshawar Zalmi,1,1,0,3,191,117,188,120,4,5,45,41,28,37,36,65,27,8,9.794871794871796,1.6324786324786325,0.38461538461538464,0.3416666666666667,5,6.166666666666666,14.444444444444445,1.5666666666666667,0.23931623931623933,14.444444444444445,6.166666666666666,8,6,72.65625
PSL,1247024,2021-03-03,2020/21,Quetta Gladiators,Multan Sultans,1,0,0,22,176,120,154,118,7,10,39,49,25,55,36,47,30,10,8.799999999999999,1.4666666666666666,0.325,0.4152542372881356,10,9.166666666666666,9.4,1.305084745762712,0.20833333333333334,9.4,9.166666666666666,10,5,7.03125
PSL,1247024,2021-03-03,2020/21,Multan Sultans,Quetta Gladiators,0,1,0,-22,154,118,176,120,10,7,49,39,20,53,36,38,28,10,7.830508474576272,1.305084745762712,0.4152542372881356,0.325,7,8.833333333333334,8.142857142857142,1.4666666666666666,0.1694915254237288,8.142857142857142,8.833333333333334,10,6,28.90625
PSL,1247025,2021-06-10,2021,Multan Sultans,Karachi Kings,1,0,0,12,176,120,164,120,5,7,33,43,22,60,36,46,30,11,8.799999999999999,1.4666666666666666,0.275,0.35833333333333334,7,10.0,9.200000000000001,1.3666666666666667,0.18333333333333332,9.200000000000001,10.0,11,7,96.09375
PSL,1247025,2021-06-10,2021,Karachi Kings,Multan Sultans,0,1,0,-12,164,120,176,120,7,5,43,33,18,31,36,61,30,11,8.2,1.3666666666666667,0.35833333333333334,0.275,5,5.166666666666667,12.2,1.4666666666666666,0.15,12.2,5.166666666666667,11,6,24.21875
PSL,1247026,2021-06-10,2021,Lahore Qalandars,Peshawar Zalmi,1,0,1,10,170,120,160,120,8,8,39,52,17,18,36,74,30,8,8.5,1.4166666666666667,0.325,0.43333333333333335,8,3.0,14.8,1.3333333333333333,0.14166666666666666,14.8,3.0,8,6,36.71875
PSL,1247026,2021-06-10,2021,Peshawar Zalmi,Lahore Qalandars,0,1,1,-10,160,120,170,120,8,8,52,39,22,33,36,48,30,8,8.0,1.3333333333333333,0.43333333333333335,0.325,8,5.5,9.600000000000001,1.4166666666666667,0.18333333333333332,9.600000000000001,5.5,8,8,21.09375
PSL,1247027,2021-06-09,2021,Islamabad United,Lahore Qalandars,0,0,0,-1,143,120,144,120,9,5,55,49,17,43,36,44,30,8,7.15,1.1916666666666667,0.4583333333333333,0.4083333333333333,5,7.166666666666666,8.799999999999999,1.2,0.14166666666666666,8.799999999999999,7.166666666666666,8,8,67.96875
PSL,1247027,2021-06-09,2021,Lahore Qalandars,Islamabad United,1,1,0,1,144,120,143,120,5,9,49,55,19,38,36,46,30,8,7.199999999999999,1.2,0.4083333333333333,0.4583333333333333,9,6.333333333333334,9.200000000000001,1.1916666666666667,0.15833333333333333,9.200000000000001,6.333333333333334,8,6,36.71875
PSL,1247028,2021-06-11,2021,Quetta Gladiators,Islamabad United,0,0,0,-4,133,120,137,60,10,0,52,16,12,36,36,23,30,7,6.65,1.1083333333333334,0.43333333333333335,0.26666666666666666,0,6.0,4.6000000000000005,2.283333333333333,0.1,4.6000000000000005,6.0,7,5,13.28125
PSL,1247028,2021-06-11,2021,Islamabad United,Quetta Gladiators,1,1,0,4,137,60,133,120,0,10,16,52,24,97,36,0,0,7,13.7,2.283333333333333,0.26666666666666666,0.43333333333333335,10,16.166666666666668,,1.1083333333333334,0.4,,16.166666666666668,7,8,67.96875
PSL,1247029,2021-06-13,2021,Islamabad United,Lahore Qalandars,1,0,0,28,152,120,124,110,7,10,44,54,18,20,36,47,30,13,7.6,1.2666666666666666,0.36666666666666664,0.4909090909090909,10,3.3333333333333335,9.4,1.1272727272727272,0.15,9.4,3.3333333333333335,13,8,67.96875
PSL,1247029,2021-06-13,2021,Lahore Qalandars,Islamabad United,0,1,0,-28,124,110,152,120,10,7,54,44,17,55,36,24,20,13,6.763636363636364,1.1272727272727272,0.4909090909090909,0.36666666666666664,7,9.166666666666666,7.199999999999999,1.2666666666666666,0.15454545454545454,7.199999999999999,9.166666666666666,13,6,36.71875
PSL,1247030,2021-06-12,2021,Peshawar Zalmi,Quetta Gladiators,1,0,0,61,197,120,136,120,5,9,38,47,25,22,36,56,30,10,9.85,1.6416666666666666,0.31666666666666665,0.39166666666666666,9,3.666666666666667,11.2,1.1333333333333333,0.20833333333333334,11.2,3.666666666666667,10,8,21.09375
PSL,1247030,2021-06-12,2021,Quetta Gladiators,Peshawar Zalmi,0,1,0,-61,136,120,197,120,9,5,47,38,15,43,36,34,30,10,6.8,1.1333333333333333,0.39166666666666666,0.31666666666666665,5,7.166666666666666,6.8,1.6416666666666666,0.125,6.8,7.166666666666666,10,5,13.28125
PSL,1247031,2021-06-13,2021,Peshawar Zalmi,Multan Sultans,0,0,0,-1,166,120,167,99,7,2,41,24,18,52,36,56,30,10,8.3,1.3833333333333333,0.3416666666666667,0.24242424242424243,2,8.666666666666666,11.2,1.6868686868686869,0.15,11.2,8.666666666666666,10,8,21.09375
PSL,1247031,2021-06-13,2021,Multan Sultans,Peshawar Zalmi,1,1,0,1,167,99,166,120,2,7,24,41,22,59,36,30,9,10,10.121212121212121,1.6868686868686869,0.24242424242424243,0.3416666666666667,7,9.833333333333332,20.0,1.3833333333333333,0.2222222222222222,20.0,9.833333333333332,10,7,96.09375
PSL,1247032,2021-06-14,2021,Karachi Kings,Islamabad United,0,0,0,-1,190,120,191,112,4,2,35,32,23,56,36,61,30,4,9.5,1.5833333333333333,0.2916666666666667,0.2857142857142857,2,9.333333333333334,12.2,1.7053571428571428,0.19166666666666668,12.2,9.333333333333334,4,6,24.21875
PSL,1247032,2021-06-14,2021,Islamabad United,Karachi Kings,1,1,0,1,191,112,190,120,2,4,32,35,25,43,36,46,22,4,10.232142857142858,1.7053571428571428,0.2857142857142857,0.2916666666666667,4,7.166666666666666,12.545454545454545,1.5833333333333333,0.22321428571428573,12.545454545454545,7.166666666666666,4,8,67.96875
PSL,1247033,2021-06-15,2021,Quetta Gladiators,Lahore Qalandars,1,0,0,18,158,120,140,108,5,10,48,46,21,44,36,43,30,7,7.9,1.3166666666666667,0.4,0.42592592592592593,10,7.333333333333334,8.6,1.2962962962962963,0.175,8.6,7.333333333333334,7,5,13.28125
PSL,1247033,2021-06-15,2021,Lahore Qalandars,Quetta Gladiators,0,1,0,-18,140,108,158,120,10,5,46,48,17,40,36,35,18,7,7.777777777777778,1.2962962962962963,0.42592592592592593,0.4,5,6.666666666666667,11.666666666666666,1.3166666666666667,0.1574074074074074,11.666666666666666,6.666666666666667,7,6,36.71875
PSL,1247034,2021-06-15,2021,Karachi Kings,Peshawar Zalmi,0,0,0,-1,108,120,109,66,9,4,65,35,11,33,36,38,30,9,5.4,0.9,0.5416666666666666,0.5303030303030303,4,5.5,7.6,1.6515151515151516,0.09166666666666666,7.6,5.5,9,6,24.21875
PSL,1247034,2021-06-15,2021,Peshawar Zalmi,Karachi Kings,1,1,0,1,109,66,108,120,4,9,35,65,17,76,36,0,0,9,9.90909090909091,1.6515151515151516,0.5303030303030303,0.5416666666666666,9,12.666666666666668,,0.9,0.25757575757575757,,12.666666666666668,9,8,21.09375
PSL,1247035,2021-06-16,2021,Multan Sultans,Quetta Gladiators,1,0,0,110,183,120,73,73,5,10,34,38,21,50,36,51,30,11,9.149999999999999,1.525,0.2833333333333333,0.5205479452054794,10,8.333333333333332,10.2,1.0,0.175,10.2,8.333333333333332,11,7,96.09375
PSL,1247035,2021-06-16,2021,Quetta Gladiators,Multan Sultans,0,1,0,-110,73,73,183,120,10,5,38,34,9,36,36,0,0,11,6.0,1.0,0.5205479452054794,0.2833333333333333,5,6.0,,1.525,0.1232876712328767,,6.0,11,5,13.28125
PSL,1247036,2021-06-17,2021,Islamabad United,Peshawar Zalmi,1,0,0,15,247,120,232,120,2,6,31,26,38,54,36,83,30,6,12.349999999999998,2.058333333333333,0.25833333333333336,0.21666666666666667,6,9.0,16.6,1.9333333333333333,0.31666666666666665,16.6,9.0,6,8,67.96875
PSL,1247036,2021-06-17,2021,Peshawar Zalmi,Islamabad United,0,1,0,-15,232,120,247,120,6,2,26,31,32,55,36,58,30,6,11.6,1.9333333333333333,0.21666666666666667,0.25833333333333336,2,9.166666666666666,11.6,2.058333333333333,0.26666666666666666,11.6,9.166666666666666,6,8,21.09375
PSL,1247037,2021-06-17,2021,Karachi Kings,Lahore Qalandars,1,0,1,7,176,120,169,120,5,7,33,49,21,43,36,49,30,8,8.799999999999999,1.4666666666666666,0.275,0.4083333333333333,7,7.166666666666666,9.8,1.4083333333333334,0.175,9.8,7.166666666666666,8,6,24.21875
PSL,1247037,2021-06-17,2021,Lahore Qalandars,Karachi Kings,0,1,1,-7,169,120,176,120,7,5,49,33,22,49,36,67,30,8,8.450000000000001,1.4083333333333334,0.4083333333333333,0.275,5,8.166666666666668,13.4,1.4666666666666666,0.18333333333333332,13.4,8.166666666666668,8,6,36.71875
PSL,1247038,2021-06-18,2021,Multan Sultans,Lahore Qalandars,1,0,0,80,169,120,89,91,8,10,51,41,22,50,36,44,30,14,8.450000000000001,1.4083333333333334,0.425,0.45054945054945056,10,8.333333333333332,8.799999999999999,0.978021978021978,0.18333333333333332,8.799999999999999,8.333333333333332,14,7,96.09375
PSL,1247038,2021-06-18,2021,Lahore Qalandars,Multan Sultans,0,1,0,-80,89,91,169,120,10,8,41,51,9,34,36,0,1,14,5.868131868131868,0.978021978021978,0.45054945054945056,0.425,8,5.666666666666666,0.0,1.4083333333333334,0.0989010989010989,0.0,5.666666666666666,14,6,36.71875
PSL,1247039,2021-06-19,2021,Karachi Kings,Quetta Gladiators,1,0,0,14,176,120,162,120,7,6,52,50,23,42,36,77,30,10,8.799999999999999,1.4666666666666666,0.43333333333333335,0.4166666666666667,6,7.0,15.400000000000002,1.35,0.19166666666666668,15.400000000000002,7.0,10,6,24.21875
PSL,1247039,2021-06-19,2021,Quetta Gladiators,Karachi Kings,0,1,0,-14,162,120,176,120,6,7,50,52,23,44,36,52,30,10,8.100000000000001,1.35,0.4166666666666667,0.43333333333333335,7,7.333333333333334,10.4,1.4666666666666666,0.19166666666666668,10.4,7.333333333333334,10,5,13.28125
PSL,1247040,2021-06-19,2021,Multan Sultans,Islamabad United,0,0,0,-1,149,120,150,118,10,6,49,41,19,61,36,25,30,12,7.45,1.2416666666666667,0.4083333333333333,0.3474576271186441,6,10.166666666666666,5.0,1.271186440677966,0.15833333333333333,5.0,10.166666666666666,12,7,96.09375
PSL,1247040,2021-06-19,2021,Islamabad United,Multan Sultans,1,1,0,1,150,118,149,120,6,10,41,49,18,54,36,21,28,12,7.627118644067796,1.271186440677966,0.3474576271186441,0.4083333333333333,10,9.0,4.5,1.2416666666666667,0.15254237288135594,4.5,9.0,12,8,67.96875
PSL,1247041,2021-06-21,2021,Multan Sultans,Islamabad United,1,0,0,31,180,120,149,114,5,10,47,39,26,44,36,57,30,11,9.0,1.5,0.39166666666666666,0.34210526315789475,10,7.333333333333334,11.399999999999999,1.3070175438596492,0.21666666666666667,11.399999999999999,7.333333333333334,11,7,96.09375
PSL,1247041,2021-06-21,2021,Islamabad United,Multan Sultans,0,1,0,-31,149,114,180,120,10,5,39,47,19,38,36,34,24,11,7.842105263157896,1.3070175438596492,0.34210526315789475,0.39166666666666666,5,6.333333333333334,8.5,1.5,0.16666666666666666,8.5,6.333333333333334,11,8,67.96875
PSL,1247042,2021-06-21,2021,Karachi Kings,Peshawar Zalmi,0,0,0,-1,175,120,176,119,7,5,42,45,22,41,36,70,30,8,8.75,1.4583333333333333,0.35,0.37815126050420167,5,6.833333333333333,14.0,1.4789915966386555,0.18333333333333332,14.0,6.833333333333333,8,6,24.21875
PSL,1247042,2021-06-21,2021,Peshawar Zalmi,Karachi Kings,1,1,0,1,176,119,175,120,5,7,45,42,25,55,36,44,29,8,8.873949579831933,1.4789915966386555,0.37815126050420167,0.35,7,9.166666666666666,9.103448275862068,1.4583333333333333,0.21008403361344538,9.103448275862068,9.166666666666666,8,8,21.09375
PSL,1247043,2021-06-22,2021,Islamabad United,Peshawar Zalmi,0,0,0,-3,174,120,177,101,9,2,51,37,25,57,36,64,30,10,8.7,1.45,0.425,0.36633663366336633,2,9.5,12.8,1.7524752475247525,0.20833333333333334,12.8,9.5,10,8,67.96875
PSL,1247043,2021-06-22,2021,Peshawar Zalmi,Islamabad United,1,1,0,3,177,101,174,120,2,9,37,51,27,48,36,33,11,10,10.514851485148515,1.7524752475247525,0.36633663366336633,0.425,9,8.0,18.0,1.45,0.26732673267326734,18.0,8.0,10,8,21.09375
PSL,1247044,2021-06-24,2021,Multan Sultans,Peshawar Zalmi,1,0,0,47,206,120,159,120,4,9,35,57,28,42,36,67,30,9,10.299999999999999,1.7166666666666666,0.2916666666666667,0.475,9,7.0,13.4,1.325,0.23333333333333334,13.4,7.0,9,7,96.09375
PSL,1247044,2021-06-24,2021,Peshawar Zalmi,Multan Sultans,0,1,0,-47,159,120,206,120,9,4,57,35,21,42,36,22,30,9,7.949999999999999,1.325,0.475,0.2916666666666667,4,7.0,4.3999999999999995,1.7166666666666666,0.175,4.3999999999999995,7.0,9,8,21.09375
PSL,1293000,2022-01-27,2021/22,Karachi Kings,Multan Sultans,0,0,0,-2,124,120,126,110,5,3,38,40,9,41,36,29,30,6,6.200000000000001,1.0333333333333334,0.31666666666666665,0.36363636363636365,3,6.833333333333333,5.8,1.1454545454545455,0.075,5.8,6.833333333333333,6,10,2.34375
PSL,1293000,2022-01-27,2021/22,Multan Sultans,Karachi Kings,1,1,0,2,126,110,124,120,3,5,40,38,12,44,36,22,20,6,6.872727272727273,1.1454545454545455,0.36363636363636365,0.31666666666666665,5,7.333333333333334,6.6000000000000005,1.0333333333333334,0.10909090909090909,6.6000000000000005,7.333333333333334,6,12,88.28125
PSL,1293001,2022-01-28,2021/22,Quetta Gladiators,Peshawar Zalmi,0,0,0,-1,190,120,191,118,4,5,39,39,28,62,36,35,30,9,9.5,1.5833333333333333,0.325,0.3305084745762712,5,10.333333333333334,7.0,1.61864406779661,0.23333333333333334,7.0,10.333333333333334,9,10,16.40625
PSL,1293001,2022-01-28,2021/22,Peshawar Zalmi,Quetta Gladiators,1,1,0,1,191,118,190,120,5,4,39,39,27,62,36,44,28,9,9.711864406779661,1.61864406779661,0.3305084745762712,0.325,4,10.333333333333334,9.428571428571429,1.5833333333333333,0.2288135593220339,9.428571428571429,10.333333333333334,9,10,38.28125
PSL,1293002,2022-01-29,2021/22,Lahore Qalandars,Multan Sultans,0,0,0,-3,206,120,209,118,5,5,26,37,28,67,36,63,30,5,10.299999999999999,1.7166666666666666,0.21666666666666667,0.3135593220338983,5,11.166666666666668,12.600000000000001,1.771186440677966,0.23333333333333334,12.600000000000001,11.166666666666668,5,12,92.96875
PSL,1293002,2022-01-29,2021/22,Multan Sultans,Lahore Qalandars,1,1,0,3,209,118,206,120,5,5,37,26,32,66,36,53,28,5,10.627118644067796,1.771186440677966,0.3135593220338983,0.21666666666666667,5,11.0,11.357142857142858,1.7166666666666666,0.2711864406779661,11.357142857142858,11.0,5,12,88.28125
PSL,1293003,2022-01-29,2021/22,Karachi Kings,Quetta Gladiators,0,0,0,-1,113,105,114,95,10,2,51,39,14,33,36,19,15,11,6.457142857142857,1.0761904761904761,0.4857142857142857,0.4105263157894737,2,5.5,7.6,1.2,0.13333333333333333,7.6,5.5,11,10,2.34375
PSL,1293003,2022-01-29,2021/22,Quetta Gladiators,Karachi Kings,1,1,0,1,114,95,113,105,2,10,39,51,15,51,36,14,5,11,7.199999999999999,1.2,0.4105263157894737,0.4857142857142857,10,8.5,16.799999999999997,1.0761904761904761,0.15789473684210525,16.799999999999997,8.5,11,10,16.40625
PSL,1293004,2022-01-30,2021/22,Peshawar Zalmi,Islamabad United,0,0,0,-4,168,120,172,95,6,1,47,24,23,35,36,55,30,4,8.399999999999999,1.4,0.39166666666666666,0.25263157894736843,1,5.833333333333333,11.0,1.8105263157894738,0.19166666666666668,11.0,5.833333333333333,4,10,38.28125
PSL,1293004,2022-01-30,2021/22,Islamabad United,Peshawar Zalmi,1,1,0,4,172,95,168,120,1,6,24,47,27,78,36,12,5,4,10.863157894736842,1.8105263157894738,0.25263157894736843,0.39166666666666666,6,13.0,14.399999999999999,1.4,0.28421052631578947,14.399999999999999,13.0,4,12,71.09375
PSL,1293005,2022-01-30,2021/22,Karachi Kings,Lahore Qalandars,0,0,0,-4,170,120,174,116,7,4,40,34,22,48,36,46,30,8,8.5,1.4166666666666667,0.3333333333333333,0.29310344827586204,4,8.0,9.200000000000001,1.5,0.18333333333333332,9.200000000000001,8.0,8,10,2.34375
PSL,1293005,2022-01-30,2021/22,Lahore Qalandars,Karachi Kings,1,1,0,4,174,116,170,120,4,7,34,40,26,52,36,53,26,8,9.0,1.5,0.29310344827586204,0.3333333333333333,7,8.666666666666666,12.23076923076923,1.4166666666666667,0.22413793103448276,12.23076923076923,8.666666666666666,8,12,92.96875
PSL,1293006,2022-01-31,2021/22,Multan Sultans,Quetta Gladiators,1,0,1,6,174,120,168,119,4,10,38,43,19,46,36,67,30,10,8.7,1.45,0.31666666666666665,0.36134453781512604,10,7.666666666666666,13.4,1.411764705882353,0.15833333333333333,13.4,7.666666666666666,10,12,88.28125
PSL,1293006,2022-01-31,2021/22,Quetta Gladiators,Multan Sultans,0,1,1,-6,168,119,174,120,10,4,43,38,20,48,36,55,29,10,8.470588235294118,1.411764705882353,0.36134453781512604,0.31666666666666665,4,8.0,11.379310344827587,1.45,0.16806722689075632,11.379310344827587,8.0,10,10,16.40625
PSL,1293007,2022-02-01,2021/22,Multan Sultans,Islamabad United,1,0,0,20,217,120,197,118,5,10,42,37,35,43,36,93,30,13,10.85,1.8083333333333333,0.35,0.3135593220338983,10,7.166666666666666,18.6,1.6694915254237288,0.2916666666666667,18.6,7.166666666666666,13,12,88.28125
PSL,1293007,2022-02-01,2021/22,Islamabad United,Multan Sultans,0,1,0,-20,197,118,217,120,10,5,37,42,27,69,36,48,28,13,10.016949152542374,1.6694915254237288,0.3135593220338983,0.35,5,11.5,10.285714285714285,1.8083333333333333,0.2288135593220339,10.285714285714285,11.5,13,12,71.09375
PSL,1293008,2022-02-02,2021/22,Lahore Qalandars,Peshawar Zalmi,1,0,0,29,199,120,170,120,4,9,30,39,25,61,36,63,30,9,9.950000000000001,1.6583333333333334,0.25,0.325,9,10.166666666666666,12.600000000000001,1.4166666666666667,0.20833333333333334,12.600000000000001,10.166666666666666,9,12,92.96875
PSL,1293008,2022-02-02,2021/22,Peshawar Zalmi,Lahore Qalandars,0,1,0,-29,170,120,199,120,9,4,39,30,19,48,36,49,30,9,8.5,1.4166666666666667,0.325,0.25,4,8.0,9.8,1.6583333333333334,0.15833333333333333,9.8,8.0,9,10,38.28125
PSL,1293009,2022-02-03,2021/22,Islamabad United,Quetta Gladiators,1,0,0,43,229,120,186,117,4,10,29,38,32,81,36,51,30,11,11.450000000000001,1.9083333333333334,0.24166666666666667,0.3247863247863248,10,13.5,10.2,1.5897435897435896,0.26666666666666666,10.2,13.5,11,12,71.09375
PSL,1293009,2022-02-03,2021/22,Quetta Gladiators,Islamabad United,0,1,0,-43,186,117,229,120,10,4,38,29,24,54,36,59,27,11,9.538461538461538,1.5897435897435896,0.3247863247863248,0.24166666666666667,4,9.0,13.11111111111111,1.9083333333333334,0.20512820512820512,13.11111111111111,9.0,11,10,16.40625
PSL,1293010,2022-02-04,2021/22,Peshawar Zalmi,Karachi Kings,1,0,1,9,173,120,164,120,4,6,34,38,18,53,36,53,30,9,8.65,1.4416666666666667,0.2833333333333333,0.31666666666666665,6,8.833333333333334,10.6,1.3666666666666667,0.15,10.6,8.833333333333334,9,10,38.28125
PSL,1293010,2022-02-04,2021/22,Karachi Kings,Peshawar Zalmi,0,1,1,-9,164,120,173,120,6,4,38,34,22,43,36,53,30,9,8.2,1.3666666666666667,0.31666666666666665,0.2833333333333333,4,7.166666666666666,10.6,1.4416666666666667,0.18333333333333332,10.6,7.166666666666666,9,10,2.34375
PSL,1293011,2022-02-05,2021/22,Lahore Qalandars,Islamabad United,1,0,1,8,174,120,166,120,9,5,37,51,23,73,36,54,30,13,8.7,1.45,0.30833333333333335,0.425,5,12.166666666666666,10.8,1.3833333333333333,0.19166666666666668,10.8,12.166666666666666,13,12,92.96875
PSL,1293011,2022-02-05,2021/22,Islamabad United,Lahore Qalandars,0,1,1,-8,166,120,174,120,5,9,51,37,21,52,36,30,30,13,8.3,1.3833333333333333,0.425,0.30833333333333335,9,8.666666666666666,6.0,1.45,0.175,6.0,8.666666666666666,13,12,71.09375
PSL,1293012,2022-02-05,2021/22,Multan Sultans,Peshawar Zalmi,1,0,0,57,222,120,165,120,3,8,26,45,28,61,36,74,30,9,11.100000000000001,1.85,0.21666666666666667,0.375,8,10.166666666666666,14.8,1.375,0.23333333333333334,14.8,10.166666666666666,9,12,88.28125
PSL,1293012,2022-02-05,2021/22,Peshawar Zalmi,Multan Sultans,0,1,0,-57,165,120,222,120,8,3,45,26,22,57,36,51,30,9,8.25,1.375,0.375,0.21666666666666667,3,9.5,10.2,1.85,0.18333333333333332,10.2,9.5,9,10,38.28125
PSL,1293013,2022-02-06,2021/22,Islamabad United,Karachi Kings,1,0,0,42,177,120,135,120,6,9,29,54,21,53,36,47,30,12,8.850000000000001,1.475,0.24166666666666667,0.45,9,8.833333333333334,9.4,1.125,0.175,9.4,8.833333333333334,12,12,71.09375
PSL,1293013,2022-02-06,2021/22,Karachi Kings,Islamabad United,0,1,0,-42,135,120,177,120,9,6,54,29,18,35,36,47,30,12,6.75,1.125,0.45,0.24166666666666667,6,5.833333333333333,9.4,1.475,0.15,9.4,5.833333333333333,12,10,2.34375
PSL,1293014,2022-02-07,2021/22,Lahore Qalandars,Quetta Gladiators,0,0,0,-3,204,120,207,117,5,3,25,30,22,44,36,78,30,7,10.2,1.7,0.20833333333333334,0.2564102564102564,3,7.333333333333334,15.600000000000001,1.7692307692307692,0.18333333333333332,15.600000000000001,7.333333333333334,7,12,92.96875
PSL,1293014,2022-02-07,2021/22,Quetta Gladiators,Lahore Qalandars,1,1,0,3,207,117,204,120,3,5,30,25,28,74,36,46,27,7,10.615384615384615,1.7692307692307692,0.2564102564102564,0.20833333333333334,5,12.333333333333332,10.222222222222221,1.7,0.23931623931623933,10.222222222222221,12.333333333333332,7,10,16.40625
PSL,1293015,2022-02-10,2021/22,Multan Sultans,Peshawar Zalmi,1,0,0,42,182,120,140,117,7,10,36,52,21,53,36,57,30,14,9.1,1.5166666666666666,0.3,0.4444444444444444,10,8.833333333333334,11.399999999999999,1.1965811965811965,0.175,11.399999999999999,8.833333333333334,14,12,88.28125
PSL,1293015,2022-02-10,2021/22,Peshawar Zalmi,Multan Sultans,0,1,0,-42,140,117,182,120,10,7,52,36,18,42,36,36,27,14,7.179487179487179,1.1965811965811965,0.4444444444444444,0.3,7,7.0,8.0,1.5166666666666666,0.15384615384615385,8.0,7.0,14,10,38.28125
PSL,1293016,2022-02-11,2021/22,Lahore Qalandars,Multan Sultans,1,0,0,52,182,120,130,117,4,10,32,47,22,56,36,64,30,11,9.1,1.5166666666666666,0.26666666666666666,0.4017094017094017,10,9.333333333333334,12.8,1.1111111111111112,0.18333333333333332,12.8,9.333333333333334,11,12,92.96875
PSL,1293016,2022-02-11,2021/22,Multan Sultans,Lahore Qalandars,0,1,0,-52,130,117,182,120,10,4,47,32,13,38,36,30,27,11,6.666666666666667,1.1111111111111112,0.4017094017094017,0.26666666666666666,4,6.333333333333334,6.666666666666667,1.5166666666666666,0.1111111111111111,6.666666666666667,6.333333333333334,11,12,88.28125
PSL,1293017,2022-02-12,2021/22,Islamabad United,Quetta Gladiators,0,0,0,-4,199,120,203,118,8,5,41,28,25,58,36,65,30,8,9.950000000000001,1.6583333333333334,0.3416666666666667,0.23728813559322035,5,9.666666666666668,13.0,1.7203389830508475,0.20833333333333334,13.0,9.666666666666668,8,12,71.09375
PSL,1293017,2022-02-12,2021/22,Quetta Gladiators,Islamabad United,1,1,0,4,203,118,199,120,5,8,28,41,27,72,36,66,28,8,10.322033898305085,1.7203389830508475,0.23728813559322035,0.3416666666666667,8,12.0,14.142857142857142,1.6583333333333334,0.2288135593220339,14.142857142857142,12.0,8,10,16.40625
PSL,1293018,2022-02-13,2021/22,Peshawar Zalmi,Karachi Kings,1,0,0,55,193,120,138,120,6,6,31,42,23,51,36,59,30,7,9.65,1.6083333333333334,0.25833333333333336,0.35,6,8.5,11.799999999999999,1.15,0.19166666666666668,11.799999999999999,8.5,7,10,38.28125
PSL,1293018,2022-02-13,2021/22,Karachi Kings,Peshawar Zalmi,0,1,0,-55,138,120,193,120,6,6,42,31,13,33,36,36,30,7,6.8999999999999995,1.15,0.35,0.25833333333333336,6,5.5,7.199999999999999,1.6083333333333334,0.10833333333333334,7.199999999999999,5.5,7,10,2.34375
PSL,1293019,2022-02-13,2021/22,Quetta Gladiators,Lahore Qalandars,0,0,0,-2,141,120,143,106,7,2,40,30,15,39,36,48,30,7,7.050000000000001,1.175,0.3333333333333333,0.2830188679245283,2,6.5,9.600000000000001,1.349056603773585,0.125,9.600000000000001,6.5,7,10,16.40625
PSL,1293019,2022-02-13,2021/22,Lahore Qalandars,Quetta Gladiators,1,1,0,2,143,106,141,120,2,7,30,40,15,41,36,27,16,7,8.09433962264151,1.349056603773585,0.2830188679245283,0.3333333333333333,7,6.833333333333333,10.125,1.175,0.14150943396226415,10.125,6.833333333333333,7,12,92.96875
PSL,1293020,2022-02-14,2021/22,Islamabad United,Karachi Kings,1,0,1,1,191,120,190,120,7,8,34,44,23,47,36,67,30,11,9.549999999999999,1.5916666666666666,0.2833333333333333,0.36666666666666664,8,7.833333333333334,13.4,1.5833333333333333,0.19166666666666668,13.4,7.833333333333334,11,12,71.09375
PSL,1293020,2022-02-14,2021/22,Karachi Kings,Islamabad United,0,1,1,-1,190,120,191,120,8,7,44,34,28,49,36,68,30,11,9.5,1.5833333333333333,0.36666666666666664,0.2833333333333333,7,8.166666666666668,13.6,1.5916666666666666,0.23333333333333334,13.6,8.166666666666668,11,10,2.34375
PSL,1293021,2022-02-15,2021/22,Peshawar Zalmi,Quetta Gladiators,1,0,0,24,185,120,161,120,7,8,38,43,26,53,36,53,30,10,9.25,1.5416666666666667,0.31666666666666665,0.35833333333333334,8,8.833333333333334,10.6,1.3416666666666666,0.21666666666666667,10.6,8.833333333333334,10,10,38.28125
PSL,1293021,2022-02-15,2021/22,Quetta Gladiators,Peshawar Zalmi,0,1,0,-24,161,120,185,120,8,7,43,38,21,50,36,38,30,10,8.049999999999999,1.3416666666666666,0.35833333333333334,0.31666666666666665,7,8.333333333333332,7.6,1.5416666666666667,0.175,7.6,8.333333333333332,10,10,16.40625
PSL,1293022,2022-02-16,2021/22,Karachi Kings,Multan Sultans,0,0,0,-2,174,120,176,117,6,3,39,29,21,40,36,56,30,8,8.7,1.45,0.325,0.24786324786324787,3,6.666666666666667,11.2,1.5042735042735043,0.175,11.2,6.666666666666667,8,10,2.34375
PSL,1293022,2022-02-16,2021/22,Multan Sultans,Karachi Kings,1,1,0,2,176,117,174,120,3,6,29,39,21,44,36,71,27,8,9.025641025641026,1.5042735042735043,0.24786324786324787,0.325,6,7.333333333333334,15.777777777777779,1.45,0.1794871794871795,15.777777777777779,7.333333333333334,8,12,88.28125
PSL,1293023,2022-02-17,2021/22,Peshawar Zalmi,Islamabad United,1,0,1,10,206,120,196,120,8,7,35,47,27,74,36,41,30,14,10.299999999999999,1.7166666666666666,0.2916666666666667,0.39166666666666666,7,12.333333333333332,8.2,1.6333333333333333,0.225,8.2,12.333333333333332,14,10,38.28125
PSL,1293023,2022-02-17,2021/22,Islamabad United,Peshawar Zalmi,0,1,1,-10,196,120,206,120,7,8,47,35,28,68,36,41,30,14,9.8,1.6333333333333333,0.39166666666666666,0.2916666666666667,8,11.333333333333332,8.2,1.7166666666666666,0.23333333333333334,8.2,11.333333333333332,14,12,71.09375
PSL,1293024,2022-02-18,2021/22,Multan Sultans,Quetta Gladiators,1,0,0,117,245,120,128,95,3,10,21,41,32,64,36,81,30,8,12.25,2.0416666666666665,0.175,0.43157894736842106,10,10.666666666666666,16.200000000000003,1.3473684210526315,0.26666666666666666,16.200000000000003,10.666666666666666,8,12,88.28125
PSL,1293024,2022-02-18,2021/22,Quetta Gladiators,Multan Sultans,0,1,0,-117,128,95,245,120,10,3,41,21,18,66,36,1,5,8,8.08421052631579,1.3473684210526315,0.43157894736842106,0.175,3,11.0,1.2000000000000002,2.0416666666666665,0.18947368421052632,1.2000000000000002,11.0,8,10,16.40625
PSL,1293025,2022-02-18,2021/22,Karachi Kings,Lahore Qalandars,1,0,0,22,149,119,127,120,10,9,47,44,19,47,36,33,29,13,7.512605042016807,1.2521008403361344,0.3949579831932773,0.36666666666666664,9,7.833333333333334,6.827586206896552,1.0583333333333333,0.15966386554621848,6.827586206896552,7.833333333333334,13,10,2.34375
PSL,1293025,2022-02-18,2021/22,Lahore Qalandars,Karachi Kings,0,1,0,-22,127,120,149,119,9,10,44,47,11,31,36,38,30,13,6.35,1.0583333333333333,0.36666666666666664,0.3949579831932773,10,5.166666666666667,7.6,1.2521008403361344,0.09166666666666666,7.6,5.166666666666667,13,12,92.96875
PSL,1293026,2022-02-19,2021/22,Lahore Qalandars,Islamabad United,1,0,0,66,197,120,131,120,6,9,31,57,23,48,36,62,30,10,9.85,1.6416666666666666,0.25833333333333336,0.475,9,8.0,12.400000000000002,1.0916666666666666,0.19166666666666668,12.400000000000002,8.0,10,12,92.96875
PSL,1293026,2022-02-19,2021/22,Islamabad United,Lahore Qalandars,0,1,0,-66,131,120,197,120,9,6,57,31,17,59,36,25,30,10,6.549999999999999,1.0916666666666666,0.475,0.25833333333333336,6,9.833333333333332,5.0,1.6416666666666666,0.14166666666666666,5.0,9.833333333333332,10,12,71.09375
PSL,1293027,2022-02-20,2021/22,Quetta Gladiators,Karachi Kings,1,0,0,23,166,120,143,120,4,8,35,44,19,46,36,47,30,6,8.3,1.3833333333333333,0.2916666666666667,0.36666666666666664,8,7.666666666666666,9.4,1.1916666666666667,0.15833333333333333,9.4,7.666666666666666,6,10,16.40625
PSL,1293027,2022-02-20,2021/22,Karachi Kings,Quetta Gladiators,0,1,0,-23,143,120,166,120,8,4,44,35,15,51,36,26,30,6,7.15,1.1916666666666667,0.36666666666666664,0.2916666666666667,4,8.5,5.2,1.3833333333333333,0.125,5.2,8.5,6,10,2.34375
PSL,1293028,2022-02-20,2021/22,Islamabad United,Multan Sultans,0,0,0,-6,105,120,111,104,7,4,60,33,10,41,36,35,30,10,5.25,0.875,0.5,0.3173076923076923,4,6.833333333333333,7.0,1.0673076923076923,0.08333333333333333,7.0,6.833333333333333,10,12,71.09375
PSL,1293028,2022-02-20,2021/22,Multan Sultans,Islamabad United,1,1,0,6,111,104,105,120,4,7,33,60,9,31,36,27,14,10,6.403846153846153,1.0673076923076923,0.3173076923076923,0.5,7,5.166666666666667,11.571428571428571,0.875,0.08653846153846154,11.571428571428571,5.166666666666667,10,12,88.28125
PSL,1293030,2022-02-23,2021/22,Multan Sultans,Lahore Qalandars,1,0,0,28,163,120,135,120,2,9,26,43,16,45,36,53,30,6,8.15,1.3583333333333334,0.21666666666666667,0.35833333333333334,9,7.5,10.6,1.125,0.13333333333333333,10.6,7.5,6,12,88.28125
PSL,1293030,2022-02-23,2021/22,Lahore Qalandars,Multan Sultans,0,1,0,-28,135,120,163,120,9,2,43,26,12,38,36,26,30,6,6.75,1.125,0.35833333333333334,0.21666666666666667,2,6.333333333333334,5.2,1.3583333333333334,0.1,5.2,6.333333333333334,6,12,92.96875
PSL,1293031,2022-02-24,2021/22,Peshawar Zalmi,Islamabad United,0,0,0,-1,169,120,170,117,5,5,36,42,23,46,36,62,30,6,8.450000000000001,1.4083333333333334,0.3,0.358974358974359,5,7.666666666666666,12.400000000000002,1.452991452991453,0.19166666666666668,12.400000000000002,7.666666666666666,6,10,38.28125
PSL,1293031,2022-02-24,2021/22,Islamabad United,Peshawar Zalmi,1,1,0,1,170,117,169,120,5,5,42,36,21,53,36,51,27,6,8.717948717948717,1.452991452991453,0.358974358974359,0.3,5,8.833333333333334,11.333333333333332,1.4083333333333334,0.1794871794871795,11.333333333333332,8.833333333333334,6,12,71.09375
PSL,1293032,2022-02-25,2021/22,Lahore Qalandars,Islamabad United,1,0,1,6,168,120,162,118,7,10,34,38,18,36,36,56,30,19,8.399999999999999,1.4,0.2833333333333333,0.3220338983050847,10,6.0,11.2,1.3728813559322033,0.15,11.2,6.0,19,12,92.96875
PSL,1293032,2022-02-25,2021/22,Islamabad United,Lahore Qalandars,0,1,1,-6,162,118,168,120,10,7,38,34,18,47,36,32,28,19,8.23728813559322,1.3728813559322033,0.3220338983050847,0.2833333333333333,7,7.833333333333334,6.857142857142857,1.4,0.15254237288135594,6.857142857142857,7.833333333333334,19,12,71.09375
PSL,1293033,2022-02-27,2021/22,Lahore Qalandars,Multan Sultans,1,0,0,42,180,120,138,117,5,10,31,48,22,41,36,77,30,10,9.0,1.5,0.25833333333333336,0.41025641025641024,10,6.833333333333333,15.400000000000002,1.1794871794871795,0.18333333333333332,15.400000000000002,6.833333333333333,10,12,92.96875
PSL,1293033,2022-02-27,2021/22,Multan Sultans,Lahore Qalandars,0,1,0,-42,138,117,180,120,10,5,48,31,16,45,36,39,27,10,7.076923076923077,1.1794871794871795,0.41025641025641024,0.25833333333333336,5,7.5,8.666666666666666,1.5,0.13675213675213677,8.666666666666666,7.5,10,12,88.28125
PSL,1354924,2023-02-13,2022/23,Lahore Qalandars,Multan Sultans,1,0,1,1,175,120,174,120,6,6,40,30,20,50,36,50,30,9,8.75,1.4583333333333333,0.3333333333333333,0.25,6,8.333333333333332,10.0,1.45,0.16666666666666666,10.0,8.333333333333332,9,13,77.34375
PSL,1354924,2023-02-13,2022/23,Multan Sultans,Lahore Qalandars,0,1,1,-1,174,120,175,120,6,6,30,40,20,53,36,47,30,9,8.7,1.45,0.25,0.3333333333333333,6,8.833333333333334,9.4,1.4583333333333333,0.16666666666666666,9.4,8.833333333333334,9,12,89.84375
PSL,1354925,2023-02-14,2022/23,Peshawar Zalmi,Karachi Kings,1,0,1,2,199,120,197,120,5,5,29,33,24,58,36,44,30,9,9.950000000000001,1.6583333333333334,0.24166666666666667,0.275,5,9.666666666666668,8.799999999999999,1.6416666666666666,0.2,8.799999999999999,9.666666666666668,9,12,53.90625
PSL,1354925,2023-02-14,2022/23,Karachi Kings,Peshawar Zalmi,0,1,1,-2,197,120,199,120,5,5,33,29,24,46,36,58,30,9,9.85,1.6416666666666666,0.275,0.24166666666666667,5,7.666666666666666,11.6,1.6583333333333334,0.2,11.6,7.666666666666666,9,10,30.46875
PSL,1354926,2023-02-15,2022/23,Quetta Gladiators,Multan Sultans,0,0,0,-1,110,113,111,81,10,1,57,27,13,38,36,30,23,6,5.840707964601769,0.9734513274336283,0.504424778761062,0.3333333333333333,1,6.333333333333334,7.826086956521739,1.3703703703703705,0.11504424778761062,7.826086956521739,6.333333333333334,6,10,5.46875
PSL,1354926,2023-02-15,2022/23,Multan Sultans,Quetta Gladiators,1,1,0,1,111,81,110,113,1,10,27,57,14,45,36,0,0,6,8.222222222222223,1.3703703703703705,0.3333333333333333,0.504424778761062,10,7.5,,0.9734513274336283,0.1728395061728395,,7.5,6,12,89.84375
PSL,1354927,2023-02-16,2022/23,Karachi Kings,Islamabad United,0,0,0,-5,173,120,178,110,7,6,42,35,24,55,36,52,30,11,8.65,1.4416666666666667,0.35,0.3181818181818182,6,9.166666666666666,10.4,1.6181818181818182,0.2,10.4,9.166666666666666,11,10,30.46875
PSL,1354927,2023-02-16,2022/23,Islamabad United,Karachi Kings,1,1,0,5,178,110,173,120,6,7,35,42,26,45,36,41,20,11,9.709090909090909,1.6181818181818182,0.3181818181818182,0.35,7,7.5,12.299999999999999,1.4416666666666667,0.23636363636363636,12.299999999999999,7.5,11,11,60.15625
PSL,1354928,2023-02-17,2022/23,Multan Sultans,Peshawar Zalmi,1,0,0,56,210,120,154,113,3,10,34,41,31,50,36,70,30,8,10.5,1.75,0.2833333333333333,0.36283185840707965,10,8.333333333333332,14.0,1.3628318584070795,0.25833333333333336,14.0,8.333333333333332,8,12,89.84375
PSL,1354928,2023-02-17,2022/23,Peshawar Zalmi,Multan Sultans,0,1,0,-56,154,113,210,120,10,3,41,34,17,61,36,19,23,8,8.176991150442477,1.3628318584070795,0.36283185840707965,0.2833333333333333,3,10.166666666666666,4.956521739130435,1.75,0.1504424778761062,4.956521739130435,10.166666666666666,8,12,53.90625
PSL,1354929,2023-02-18,2022/23,Quetta Gladiators,Karachi Kings,1,0,1,6,168,120,162,120,7,5,38,47,21,23,36,76,30,7,8.399999999999999,1.4,0.31666666666666665,0.39166666666666666,5,3.833333333333333,15.2,1.35,0.175,15.2,3.833333333333333,7,10,5.46875
PSL,1354929,2023-02-18,2022/23,Karachi Kings,Quetta Gladiators,0,1,1,-6,162,120,168,120,5,7,47,38,21,45,36,57,30,7,8.100000000000001,1.35,0.39166666666666666,0.31666666666666665,7,7.5,11.399999999999999,1.4,0.175,11.399999999999999,7.5,7,10,30.46875
PSL,1354930,2023-02-19,2022/23,Multan Sultans,Islamabad United,1,0,0,52,190,120,138,107,4,10,32,37,22,51,36,64,30,10,9.5,1.5833333333333333,0.26666666666666666,0.34579439252336447,10,8.5,12.8,1.2897196261682242,0.18333333333333332,12.8,8.5,10,12,89.84375
PSL,1354930,2023-02-19,2022/23,Islamabad United,Multan Sultans,0,1,0,-52,138,107,190,120,10,4,37,32,17,55,36,23,17,10,7.738317757009345,1.2897196261682242,0.34579439252336447,0.26666666666666666,4,9.166666666666666,8.117647058823529,1.5833333333333333,0.1588785046728972,8.117647058823529,9.166666666666666,10,11,60.15625
PSL,1354931,2023-02-19,2022/23,Karachi Kings,Lahore Qalandars,1,0,0,67,185,120,118,105,5,10,34,38,20,61,36,55,30,12,9.25,1.5416666666666667,0.2833333333333333,0.3619047619047619,10,10.166666666666666,11.0,1.1238095238095238,0.16666666666666666,11.0,10.166666666666666,12,10,30.46875
PSL,1354931,2023-02-19,2022/23,Lahore Qalandars,Karachi Kings,0,1,0,-67,118,105,185,120,10,5,38,34,13,47,36,21,15,12,6.742857142857143,1.1238095238095238,0.3619047619047619,0.2833333333333333,5,7.833333333333334,8.399999999999999,1.5416666666666667,0.12380952380952381,8.399999999999999,7.833333333333334,12,13,77.34375
PSL,1354932,2023-02-20,2022/23,Quetta Gladiators,Peshawar Zalmi,0,0,0,-3,154,120,157,111,4,6,52,45,20,28,36,66,30,4,7.700000000000001,1.2833333333333334,0.43333333333333335,0.40540540540540543,6,4.666666666666667,13.200000000000001,1.4144144144144144,0.16666666666666666,13.200000000000001,4.666666666666667,4,10,5.46875
PSL,1354932,2023-02-20,2022/23,Peshawar Zalmi,Quetta Gladiators,1,1,0,3,157,111,154,120,6,4,45,52,23,53,36,23,21,4,8.486486486486486,1.4144144144144144,0.40540540540540543,0.43333333333333335,4,8.833333333333334,6.571428571428572,1.2833333333333334,0.2072072072072072,6.571428571428572,8.833333333333334,4,12,53.90625
PSL,1354933,2023-02-21,2022/23,Lahore Qalandars,Quetta Gladiators,1,0,0,63,198,120,135,120,6,8,31,48,24,65,36,45,30,11,9.899999999999999,1.65,0.25833333333333336,0.4,8,10.833333333333334,9.0,1.125,0.2,9.0,10.833333333333334,11,13,77.34375
PSL,1354933,2023-02-21,2022/23,Quetta Gladiators,Lahore Qalandars,0,1,0,-63,135,120,198,120,8,6,48,31,13,49,36,32,30,11,6.75,1.125,0.4,0.25833333333333336,6,8.166666666666668,6.4,1.65,0.10833333333333334,6.4,8.166666666666668,11,10,5.46875
PSL,1354934,2023-02-22,2022/23,Multan Sultans,Karachi Kings,1,0,1,3,196,120,193,120,2,5,27,41,25,50,36,72,30,7,9.8,1.6333333333333333,0.225,0.3416666666666667,5,8.333333333333332,14.399999999999999,1.6083333333333334,0.20833333333333334,14.399999999999999,8.333333333333332,7,12,89.84375
PSL,1354934,2023-02-22,2022/23,Karachi Kings,Multan Sultans,0,1,1,-3,193,120,196,120,5,2,41,27,24,72,36,56,30,7,9.65,1.6083333333333334,0.3416666666666667,0.225,2,12.0,11.2,1.6333333333333333,0.2,11.2,12.0,7,10,30.46875
PSL,1354935,2023-02-23,2022/23,Peshawar Zalmi,Islamabad United,0,0,0,-3,156,120,159,89,8,4,35,31,16,69,36,31,30,5,7.800000000000001,1.3,0.2916666666666667,0.34831460674157305,4,11.5,6.200000000000001,1.7865168539325842,0.13333333333333333,6.200000000000001,11.5,5,12,53.90625
PSL,1354935,2023-02-23,2022/23,Islamabad United,Peshawar Zalmi,1,1,0,3,159,89,156,120,4,8,31,35,23,80,36,0,0,5,10.719101123595506,1.7865168539325842,0.34831460674157305,0.2916666666666667,8,13.333333333333334,,1.3,0.25842696629213485,,13.333333333333334,5,11,60.15625
PSL,1354936,2023-02-24,2022/23,Islamabad United,Quetta Gladiators,1,0,0,63,220,120,157,115,6,10,41,39,33,39,36,92,30,6,11.0,1.8333333333333333,0.3416666666666667,0.3391304347826087,10,6.5,18.400000000000002,1.3652173913043477,0.275,18.400000000000002,6.5,6,11,60.15625
PSL,1354936,2023-02-24,2022/23,Quetta Gladiators,Islamabad United,0,1,0,-63,157,115,220,120,10,6,39,41,19,61,36,30,25,6,8.191304347826087,1.3652173913043477,0.3391304347826087,0.3416666666666667,6,10.166666666666666,7.199999999999999,1.8333333333333333,0.16521739130434782,7.199999999999999,10.166666666666666,6,10,5.46875
PSL,1354937,2023-02-26,2022/23,Karachi Kings,Multan Sultans,1,0,0,66,167,120,101,99,3,10,33,41,20,52,36,37,30,7,8.35,1.3916666666666666,0.275,0.41414141414141414,10,8.666666666666666,7.4,1.02020202020202,0.16666666666666666,7.4,8.666666666666666,7,10,30.46875
PSL,1354937,2023-02-26,2022/23,Multan Sultans,Karachi Kings,0,1,0,-66,101,99,167,120,10,3,41,33,11,49,36,2,9,7,6.121212121212121,1.02020202020202,0.41414141414141414,0.275,3,8.166666666666668,1.3333333333333333,1.3916666666666666,0.1111111111111111,1.3333333333333333,8.166666666666668,7,12,89.84375
PSL,1354938,2023-02-26,2022/23,Lahore Qalandars,Peshawar Zalmi,1,0,0,40,241,120,201,120,3,9,31,43,33,36,36,82,30,7,12.05,2.0083333333333333,0.25833333333333336,0.35833333333333334,9,6.0,16.4,1.675,0.275,16.4,6.0,7,13,77.34375
PSL,1354938,2023-02-26,2022/23,Peshawar Zalmi,Lahore Qalandars,0,1,0,-40,201,120,241,120,9,3,43,31,29,63,36,41,30,7,10.05,1.675,0.35833333333333334,0.25833333333333336,3,10.5,8.2,2.0083333333333333,0.24166666666666667,8.2,10.5,7,12,53.90625
PSL,1354939,2023-02-27,2022/23,Lahore Qalandars,Islamabad United,1,0,0,110,200,120,90,83,7,10,35,36,29,57,36,58,30,11,10.0,1.6666666666666667,0.2916666666666667,0.43373493975903615,10,9.5,11.6,1.0843373493975903,0.24166666666666667,11.6,9.5,11,13,77.34375
PSL,1354939,2023-02-27,2022/23,Islamabad United,Lahore Qalandars,0,1,0,-110,90,83,200,120,10,7,36,35,6,56,36,0,0,11,6.506024096385541,1.0843373493975903,0.43373493975903615,0.2916666666666667,7,9.333333333333334,,1.6666666666666667,0.07228915662650602,,9.333333333333334,11,11,60.15625
PSL,1354940,2023-03-01,2022/23,Peshawar Zalmi,Karachi Kings,1,0,0,24,197,120,173,120,5,8,45,51,27,41,36,73,30,8,9.85,1.6416666666666666,0.375,0.425,8,6.833333333333333,14.599999999999998,1.4416666666666667,0.225,14.599999999999998,6.833333333333333,8,12,53.90625
PSL,1354940,2023-03-01,2022/23,Karachi Kings,Peshawar Zalmi,0,1,0,-24,173,120,197,120,8,5,51,45,28,55,36,57,30,8,8.65,1.4416666666666667,0.425,0.375,5,9.166666666666666,11.399999999999999,1.6416666666666666,0.23333333333333334,11.399999999999999,9.166666666666666,8,10,30.46875
PSL,1354941,2023-03-02,2022/23,Lahore Qalandars,Quetta Gladiators,1,0,0,17,148,116,131,120,10,7,50,51,19,29,36,35,26,13,7.655172413793104,1.2758620689655173,0.43103448275862066,0.425,7,4.833333333333334,8.076923076923077,1.0916666666666666,0.16379310344827586,8.076923076923077,4.833333333333334,13,13,77.34375
PSL,1354941,2023-03-02,2022/23,Quetta Gladiators,Lahore Qalandars,0,1,0,-17,131,120,148,116,7,10,51,50,13,53,36,34,30,13,6.549999999999999,1.0916666666666666,0.425,0.43103448275862066,10,8.833333333333334,6.8,1.2758620689655173,0.10833333333333334,6.8,8.833333333333334,13,10,5.46875
PSL,1354942,2023-03-03,2022/23,Karachi Kings,Islamabad United,0,0,0,-3,201,120,204,116,5,4,29,25,28,61,36,65,30,7,10.05,1.675,0.24166666666666667,0.21551724137931033,4,10.166666666666666,13.0,1.7586206896551724,0.23333333333333334,13.0,10.166666666666666,7,10,30.46875
PSL,1354942,2023-03-03,2022/23,Islamabad United,Karachi Kings,1,1,0,3,204,116,201,120,4,5,25,29,26,62,36,59,26,7,10.551724137931034,1.7586206896551724,0.21551724137931033,0.24166666666666667,5,10.333333333333334,13.615384615384615,1.675,0.22413793103448276,13.615384615384615,10.333333333333334,7,11,60.15625
PSL,1354943,2023-03-04,2022/23,Lahore Qalandars,Multan Sultans,1,0,0,21,180,120,159,120,9,7,41,39,25,56,36,38,30,8,9.0,1.5,0.3416666666666667,0.325,7,9.333333333333334,7.6,1.325,0.20833333333333334,7.6,9.333333333333334,8,13,77.34375
PSL,1354943,2023-03-04,2022/23,Multan Sultans,Lahore Qalandars,0,1,0,-21,159,120,180,120,7,9,39,41,17,44,36,54,30,8,7.949999999999999,1.325,0.325,0.3416666666666667,9,7.333333333333334,10.8,1.5,0.14166666666666666,10.8,7.333333333333334,8,12,89.84375
PSL,1354944,2023-03-05,2022/23,Quetta Gladiators,Islamabad United,0,0,1,-4,179,120,183,117,6,8,42,41,22,19,36,65,30,10,8.95,1.4916666666666667,0.35,0.3504273504273504,8,3.166666666666667,13.0,1.564102564102564,0.18333333333333332,13.0,3.166666666666667,10,10,5.46875
PSL,1354944,2023-03-05,2022/23,Islamabad United,Quetta Gladiators,1,1,1,4,183,117,179,120,8,6,41,42,24,77,36,50,27,10,9.384615384615385,1.564102564102564,0.3504273504273504,0.35,6,12.833333333333332,11.11111111111111,1.4916666666666667,0.20512820512820512,11.11111111111111,12.833333333333332,10,11,60.15625
PSL,1354945,2023-03-06,2022/23,Karachi Kings,Quetta Gladiators,0,0,0,-4,164,120,168,119,6,6,43,36,21,53,36,51,30,9,8.2,1.3666666666666667,0.35833333333333334,0.3025210084033613,6,8.833333333333334,10.2,1.411764705882353,0.175,10.2,8.833333333333334,9,10,30.46875
PSL,1354945,2023-03-06,2022/23,Quetta Gladiators,Karachi Kings,1,1,0,4,168,119,164,120,6,6,36,43,21,43,36,71,29,9,8.470588235294118,1.411764705882353,0.3025210084033613,0.35833333333333334,6,7.166666666666666,14.689655172413792,1.3666666666666667,0.17647058823529413,14.689655172413792,7.166666666666666,9,10,5.46875
PSL,1354946,2023-03-07,2022/23,Peshawar Zalmi,Lahore Qalandars,1,0,0,35,207,117,172,118,10,10,33,56,27,67,36,44,27,16,10.615384615384615,1.7692307692307692,0.28205128205128205,0.4745762711864407,10,11.166666666666668,9.777777777777777,1.4576271186440677,0.23076923076923078,9.777777777777777,11.166666666666668,16,12,53.90625
PSL,1354946,2023-03-07,2022/23,Lahore Qalandars,Peshawar Zalmi,0,1,0,-35,172,118,207,117,10,10,56,33,25,24,36,60,28,16,8.745762711864407,1.4576271186440677,0.4745762711864407,0.28205128205128205,10,4.0,12.857142857142858,1.7692307692307692,0.211864406779661,12.857142857142858,4.0,16,13,77.34375
PSL,1354947,2023-03-07,2022/23,Multan Sultans,Islamabad United,0,0,1,-4,205,120,209,119,5,8,28,38,27,57,36,62,30,9,10.25,1.7083333333333333,0.23333333333333334,0.31932773109243695,8,9.5,12.400000000000002,1.7563025210084033,0.225,12.400000000000002,9.5,9,12,89.84375
PSL,1354947,2023-03-07,2022/23,Islamabad United,Multan Sultans,1,1,1,4,209,119,205,120,8,5,38,28,29,54,36,70,29,9,10.53781512605042,1.7563025210084033,0.31932773109243695,0.23333333333333334,5,9.0,14.482758620689655,1.7083333333333333,0.24369747899159663,14.482758620689655,9.0,9,11,60.15625
PSL,1354948,2023-03-08,2022/23,Peshawar Zalmi,Quetta Gladiators,0,0,0,-3,240,120,243,110,2,2,25,23,35,67,36,63,30,3,12.0,2.0,0.20833333333333334,0.20909090909090908,2,11.166666666666668,12.600000000000001,2.209090909090909,0.2916666666666667,12.600000000000001,11.166666666666668,3,12,53.90625
PSL,1354948,2023-03-08,2022/23,Quetta Gladiators,Peshawar Zalmi,1,1,0,3,243,110,240,120,2,2,23,25,40,88,36,62,20,3,13.254545454545454,2.209090909090909,0.20909090909090908,0.20833333333333334,2,14.666666666666668,18.6,2.0,0.36363636363636365,18.6,14.666666666666668,3,10,5.46875
PSL,1354949,2023-03-09,2022/23,Lahore Qalandars,Islamabad United,1,0,0,119,226,120,107,91,5,9,30,37,30,65,36,72,30,10,11.3,1.8833333333333333,0.25,0.4065934065934066,9,10.833333333333334,14.399999999999999,1.1758241758241759,0.25,14.399999999999999,10.833333333333334,10,13,77.34375
PSL,1354949,2023-03-09,2022/23,Islamabad United,Lahore Qalandars,0,1,0,-119,107,91,226,120,9,5,37,30,11,50,36,0,1,10,7.054945054945055,1.1758241758241759,0.4065934065934066,0.25,5,8.333333333333332,0.0,1.8833333333333333,0.12087912087912088,0.0,8.333333333333332,10,11,60.15625
PSL,1354950,2023-03-10,2022/23,Peshawar Zalmi,Multan Sultans,0,0,0,-2,242,120,244,115,6,6,31,30,35,64,36,69,30,10,12.1,2.0166666666666666,0.25833333333333336,0.2608695652173913,6,10.666666666666666,13.799999999999999,2.121739130434783,0.2916666666666667,13.799999999999999,10.666666666666666,10,12,53.90625
PSL,1354950,2023-03-10,2022/23,Multan Sultans,Peshawar Zalmi,1,1,0,2,244,115,242,120,6,6,30,31,38,66,36,62,25,10,12.730434782608697,2.121739130434783,0.2608695652173913,0.25833333333333336,6,11.0,14.879999999999999,2.0166666666666666,0.33043478260869563,14.879999999999999,11.0,10,12,89.84375
PSL,1354951,2023-03-11,2022/23,Multan Sultans,Quetta Gladiators,1,0,1,9,262,120,253,120,3,8,24,34,39,91,36,51,30,11,13.099999999999998,2.183333333333333,0.2,0.2833333333333333,8,15.166666666666666,10.2,2.1083333333333334,0.325,10.2,15.166666666666666,11,12,89.84375
PSL,1354951,2023-03-11,2022/23,Quetta Gladiators,Multan Sultans,0,1,1,-9,253,120,262,120,8,3,34,24,39,75,36,75,30,11,12.65,2.1083333333333334,0.2833333333333333,0.2,3,12.5,15.0,2.183333333333333,0.325,15.0,12.5,11,10,5.46875
PSL,1354952,2023-03-12,2022/23,Peshawar Zalmi,Islamabad United,1,0,0,13,179,120,166,118,8,10,39,49,23,69,36,27,30,13,8.95,1.4916666666666667,0.325,0.4152542372881356,10,11.5,5.4,1.4067796610169492,0.19166666666666668,5.4,11.5,13,12,53.90625
PSL,1354952,2023-03-12,2022/23,Islamabad United,Peshawar Zalmi,0,1,0,-13,166,118,179,120,10,8,49,39,25,40,36,55,28,13,8.440677966101696,1.4067796610169492,0.4152542372881356,0.325,8,6.666666666666667,11.785714285714285,1.4916666666666667,0.211864406779661,11.785714285714285,6.666666666666667,13,11,60.15625
PSL,1354953,2023-03-12,2022/23,Karachi Kings,Lahore Qalandars,1,0,0,86,196,120,110,113,7,10,31,60,26,68,36,60,30,12,9.8,1.6333333333333333,0.25833333333333336,0.5309734513274337,10,11.333333333333332,12.0,0.9734513274336283,0.21666666666666667,12.0,11.333333333333332,12,10,30.46875
PSL,1354953,2023-03-12,2022/23,Lahore Qalandars,Karachi Kings,0,1,0,-86,110,113,196,120,10,7,60,31,13,31,36,31,23,12,5.840707964601769,0.9734513274336283,0.5309734513274337,0.25833333333333336,7,5.166666666666667,8.08695652173913,1.6333333333333333,0.11504424778761062,8.08695652173913,5.166666666666667,12,13,77.34375
PSL,1354954,2023-03-15,2022/23,Multan Sultans,Lahore Qalandars,1,0,0,84,160,120,76,87,5,10,38,53,17,46,36,63,30,8,8.0,1.3333333333333333,0.31666666666666665,0.6091954022988506,10,7.666666666666666,12.600000000000001,0.8735632183908046,0.14166666666666666,12.600000000000001,7.666666666666666,8,12,89.84375
PSL,1354954,2023-03-15,2022/23,Lahore Qalandars,Multan Sultans,0,1,0,-84,76,87,160,120,10,5,53,38,8,33,36,0,0,8,5.241379310344827,0.8735632183908046,0.6091954022988506,0.31666666666666665,5,5.5,,1.3333333333333333,0.09195402298850575,,5.5,8,13,77.34375
PSL,1354955,2023-03-16,2022/23,Peshawar Zalmi,Islamabad United,1,0,0,12,183,120,171,120,8,6,38,47,26,77,36,35,30,10,9.149999999999999,1.525,0.31666666666666665,0.39166666666666666,6,12.833333333333332,7.0,1.425,0.21666666666666667,7.0,12.833333333333332,10,12,53.90625
PSL,1354955,2023-03-16,2022/23,Islamabad United,Peshawar Zalmi,0,1,0,-12,171,120,183,120,6,8,47,38,26,67,36,39,30,10,8.55,1.425,0.39166666666666666,0.31666666666666665,8,11.166666666666668,7.800000000000001,1.525,0.21666666666666667,7.800000000000001,11.166666666666668,10,11,60.15625
PSL,1354956,2023-03-17,2022/23,Peshawar Zalmi,Lahore Qalandars,0,0,0,-5,171,120,176,113,5,6,43,32,27,54,36,48,30,5,8.55,1.425,0.35833333333333334,0.2831858407079646,6,9.0,9.600000000000001,1.5575221238938053,0.225,9.600000000000001,9.0,5,12,53.90625
PSL,1354956,2023-03-17,2022/23,Lahore Qalandars,Peshawar Zalmi,1,1,0,5,176,113,171,120,6,5,32,43,22,50,36,42,23,5,9.345132743362832,1.5575221238938053,0.2831858407079646,0.35833333333333334,5,8.333333333333332,10.956521739130434,1.425,0.19469026548672566,10.956521739130434,8.333333333333332,5,13,77.34375
PSL,1354957,2023-03-18,2022/23,Lahore Qalandars,Multan Sultans,1,0,1,1,200,120,199,120,6,8,43,36,29,43,36,85,30,9,10.0,1.6666666666666667,0.35833333333333334,0.3,8,7.166666666666666,17.0,1.6583333333333334,0.24166666666666667,17.0,7.166666666666666,9,13,77.34375
PSL,1354957,2023-03-18,2022/23,Multan Sultans,Lahore Qalandars,0,1,1,-1,199,120,200,120,8,6,36,43,30,72,36,58,30,9,9.950000000000001,1.6583333333333334,0.3,0.35833333333333334,6,12.0,11.6,1.6666666666666667,0.25,11.6,12.0,9,12,89.84375
PSL,1416472,2024-02-17,2023/24,Lahore Qalandars,Islamabad United,0,0,0,-5,195,120,200,110,5,2,33,34,22,66,36,53,30,5,9.75,1.625,0.275,0.3090909090909091,2,11.0,10.6,1.8181818181818181,0.18333333333333332,10.6,11.0,5,9,11.71875
PSL,1416472,2024-02-17,2023/24,Islamabad United,Lahore Qalandars,1,1,0,5,200,110,195,120,2,5,34,33,28,50,36,48,20,5,10.909090909090908,1.8181818181818181,0.3090909090909091,0.275,5,8.333333333333332,14.399999999999999,1.625,0.2545454545454545,14.399999999999999,8.333333333333332,5,12,91.40625
PSL,1416473,2024-02-18,2023/24,Quetta Gladiators,Peshawar Zalmi,1,0,0,16,206,120,190,120,5,6,29,31,28,70,36,50,30,11,10.299999999999999,1.7166666666666666,0.24166666666666667,0.25833333333333336,6,11.666666666666666,10.0,1.5833333333333333,0.23333333333333334,10.0,11.666666666666666,11,10,50.78125
PSL,1416473,2024-02-18,2023/24,Peshawar Zalmi,Quetta Gladiators,0,1,0,-16,190,120,206,120,6,5,31,29,19,70,36,45,30,11,9.5,1.5833333333333333,0.25833333333333336,0.24166666666666667,5,11.666666666666666,9.0,1.7166666666666666,0.15833333333333333,9.0,11.666666666666666,11,11,61.71875
PSL,1416474,2024-02-18,2023/24,Multan Sultans,Karachi Kings,1,0,0,55,185,120,130,120,2,8,28,61,21,53,36,59,30,5,9.25,1.5416666666666667,0.23333333333333334,0.5083333333333333,8,8.833333333333334,11.799999999999999,1.0833333333333333,0.175,11.799999999999999,8.833333333333334,5,12,69.53125
PSL,1416474,2024-02-18,2023/24,Karachi Kings,Multan Sultans,0,1,0,-55,130,120,185,120,8,2,61,28,18,36,36,29,30,5,6.5,1.0833333333333333,0.5083333333333333,0.23333333333333334,2,6.0,5.8,1.5416666666666667,0.15,5.8,6.0,5,10,19.53125
PSL,1416475,2024-02-19,2023/24,Lahore Qalandars,Quetta Gladiators,0,0,0,-1,187,120,188,115,7,5,42,29,24,43,36,70,30,8,9.35,1.5583333333333333,0.35,0.25217391304347825,5,7.166666666666666,14.0,1.6347826086956523,0.2,14.0,7.166666666666666,8,9,11.71875
PSL,1416475,2024-02-19,2023/24,Quetta Gladiators,Lahore Qalandars,1,1,0,1,188,115,187,120,5,7,29,42,24,61,36,41,25,8,9.808695652173913,1.6347826086956523,0.25217391304347825,0.35,7,10.166666666666666,9.84,1.5583333333333333,0.20869565217391303,9.84,10.166666666666666,8,10,50.78125
PSL,1416476,2024-02-20,2023/24,Islamabad United,Multan Sultans,0,0,0,-1,144,120,145,119,10,5,46,51,13,32,36,34,30,9,7.199999999999999,1.2,0.38333333333333336,0.42857142857142855,5,5.333333333333333,6.8,1.218487394957983,0.10833333333333334,6.8,5.333333333333333,9,12,91.40625
PSL,1416476,2024-02-20,2023/24,Multan Sultans,Islamabad United,1,1,0,1,145,119,144,120,5,10,51,46,17,44,36,45,29,9,7.310924369747898,1.218487394957983,0.42857142857142855,0.38333333333333336,10,7.333333333333334,9.310344827586206,1.2,0.14285714285714285,9.310344827586206,7.333333333333334,9,12,69.53125
PSL,1416477,2024-02-21,2023/24,Peshawar Zalmi,Karachi Kings,0,0,0,-3,154,119,157,101,10,3,42,37,17,42,36,33,29,9,7.764705882352942,1.2941176470588236,0.35294117647058826,0.36633663366336633,3,7.0,6.827586206896552,1.5544554455445545,0.14285714285714285,6.827586206896552,7.0,9,11,61.71875
PSL,1416477,2024-02-21,2023/24,Karachi Kings,Peshawar Zalmi,1,1,0,3,157,101,154,119,3,10,37,42,21,48,36,20,11,9,9.326732673267326,1.5544554455445545,0.36633663366336633,0.35294117647058826,10,8.0,10.909090909090908,1.2941176470588236,0.2079207920792079,10.909090909090908,8.0,9,10,19.53125
PSL,1416478,2024-02-21,2023/24,Lahore Qalandars,Multan Sultans,0,0,0,-4,166,120,170,114,5,5,38,46,17,49,36,52,30,9,8.3,1.3833333333333333,0.31666666666666665,0.40350877192982454,5,8.166666666666668,10.4,1.4912280701754386,0.14166666666666666,10.4,8.166666666666668,9,9,11.71875
PSL,1416478,2024-02-21,2023/24,Multan Sultans,Lahore Qalandars,1,1,0,4,170,114,166,120,5,5,46,38,24,38,36,53,24,9,8.947368421052632,1.4912280701754386,0.40350877192982454,0.31666666666666665,5,6.333333333333334,13.25,1.3833333333333333,0.21052631578947367,13.25,6.333333333333334,9,12,69.53125
PSL,1416479,2024-02-22,2023/24,Islamabad United,Quetta Gladiators,0,0,1,-1,138,120,139,110,9,7,43,40,13,60,36,33,30,11,6.8999999999999995,1.15,0.35833333333333334,0.36363636363636365,7,10.0,6.6000000000000005,1.2636363636363637,0.10833333333333334,6.6000000000000005,10.0,11,12,91.40625
PSL,1416479,2024-02-22,2023/24,Quetta Gladiators,Islamabad United,1,1,1,1,139,110,138,120,7,9,40,43,17,51,36,31,20,11,7.581818181818182,1.2636363636363637,0.36363636363636365,0.35833333333333334,9,8.5,9.3,1.15,0.15454545454545454,9.3,8.5,11,10,50.78125
PSL,1416480,2024-02-23,2023/24,Peshawar Zalmi,Multan Sultans,1,0,1,5,179,120,174,120,8,10,43,40,25,46,36,49,30,12,8.95,1.4916666666666667,0.35833333333333334,0.3333333333333333,10,7.666666666666666,9.8,1.45,0.20833333333333334,9.8,7.666666666666666,12,11,61.71875
PSL,1416480,2024-02-23,2023/24,Multan Sultans,Peshawar Zalmi,0,1,1,-5,174,120,179,120,10,8,40,43,21,38,36,50,30,12,8.7,1.45,0.3333333333333333,0.35833333333333334,8,6.333333333333334,10.0,1.4916666666666667,0.175,10.0,6.333333333333334,12,12,69.53125
PSL,1416481,2024-02-24,2023/24,Lahore Qalandars,Karachi Kings,0,0,1,-1,175,120,176,120,6,8,36,32,21,32,36,61,30,10,8.75,1.4583333333333333,0.3,0.26666666666666666,8,5.333333333333333,12.2,1.4666666666666666,0.175,12.2,5.333333333333333,10,9,11.71875
PSL,1416481,2024-02-24,2023/24,Karachi Kings,Lahore Qalandars,1,1,1,1,176,120,175,120,8,6,32,36,20,44,36,47,30,10,8.799999999999999,1.4666666666666666,0.26666666666666666,0.3,6,7.333333333333334,9.4,1.4583333333333333,0.16666666666666666,9.4,7.333333333333334,10,10,19.53125
PSL,1416482,2024-02-25,2023/24,Multan Sultans,Quetta Gladiators,1,0,0,13,180,120,167,120,4,9,44,44,25,53,36,68,30,9,9.0,1.5,0.36666666666666664,0.36666666666666664,9,8.833333333333334,13.6,1.3916666666666666,0.20833333333333334,13.6,8.833333333333334,9,12,69.53125
PSL,1416482,2024-02-25,2023/24,Quetta Gladiators,Multan Sultans,0,1,0,-13,167,120,180,120,9,4,44,44,20,48,36,41,30,9,8.35,1.3916666666666666,0.36666666666666664,0.36666666666666664,4,8.0,8.2,1.5,0.16666666666666666,8.2,8.0,9,10,50.78125
PSL,1416483,2024-02-25,2023/24,Peshawar Zalmi,Lahore Qalandars,1,0,1,8,211,120,203,120,4,6,27,29,27,57,36,68,30,8,10.55,1.7583333333333333,0.225,0.24166666666666667,6,9.5,13.6,1.6916666666666667,0.225,13.6,9.5,8,11,61.71875
PSL,1416483,2024-02-25,2023/24,Lahore Qalandars,Peshawar Zalmi,0,1,1,-8,203,120,211,120,6,4,29,27,25,56,36,65,30,8,10.15,1.6916666666666667,0.24166666666666667,0.225,4,9.333333333333334,13.0,1.7583333333333333,0.20833333333333334,13.0,9.333333333333334,8,9,11.71875
PSL,1416484,2024-02-26,2023/24,Peshawar Zalmi,Islamabad United,1,0,1,8,201,120,193,120,5,9,22,27,26,65,36,76,30,10,10.05,1.675,0.18333333333333332,0.225,9,10.833333333333334,15.2,1.6083333333333334,0.21666666666666667,15.2,10.833333333333334,10,11,61.71875
PSL,1416484,2024-02-26,2023/24,Islamabad United,Peshawar Zalmi,0,1,1,-8,193,120,201,120,9,5,27,22,24,45,36,43,30,10,9.65,1.6083333333333334,0.225,0.18333333333333332,5,7.5,8.6,1.675,0.2,8.6,7.5,10,12,91.40625
PSL,1416485,2024-02-27,2023/24,Multan Sultans,Lahore Qalandars,1,0,0,60,214,120,154,102,4,10,31,32,28,53,36,63,30,11,10.700000000000001,1.7833333333333334,0.25833333333333336,0.3137254901960784,10,8.833333333333334,12.600000000000001,1.5098039215686274,0.23333333333333334,12.600000000000001,8.833333333333334,11,12,69.53125
PSL,1416485,2024-02-27,2023/24,Lahore Qalandars,Multan Sultans,0,1,0,-60,154,102,214,120,10,4,32,31,19,55,36,21,12,11,9.058823529411764,1.5098039215686274,0.3137254901960784,0.25833333333333336,4,9.166666666666666,10.5,1.7833333333333334,0.18627450980392157,10.5,9.166666666666666,11,9,11.71875
PSL,1416486,2024-02-28,2023/24,Karachi Kings,Islamabad United,0,0,0,-4,165,120,169,111,5,3,42,32,16,46,36,64,30,6,8.25,1.375,0.35,0.2882882882882883,3,7.666666666666666,12.8,1.5225225225225225,0.13333333333333333,12.8,7.666666666666666,6,10,19.53125
PSL,1416486,2024-02-28,2023/24,Islamabad United,Karachi Kings,1,1,0,4,169,111,165,120,3,5,32,42,21,58,36,30,21,6,9.135135135135135,1.5225225225225225,0.2882882882882883,0.35,5,9.666666666666668,8.571428571428571,1.375,0.1891891891891892,8.571428571428571,9.666666666666668,6,12,91.40625
PSL,1416487,2024-02-29,2023/24,Karachi Kings,Quetta Gladiators,0,0,0,-4,165,120,169,120,8,5,46,45,22,61,36,45,30,8,8.25,1.375,0.38333333333333336,0.375,5,10.166666666666666,9.0,1.4083333333333334,0.18333333333333332,9.0,10.166666666666666,8,10,19.53125
PSL,1416487,2024-02-29,2023/24,Quetta Gladiators,Karachi Kings,1,1,0,4,169,120,165,120,5,8,45,46,20,57,36,59,30,8,8.450000000000001,1.4083333333333334,0.375,0.38333333333333336,8,9.5,11.799999999999999,1.375,0.16666666666666666,11.799999999999999,9.5,8,10,50.78125
PSL,1416490,2024-03-03,2023/24,Multan Sultans,Karachi Kings,1,0,0,20,189,120,169,120,3,7,30,35,23,50,36,51,30,9,9.45,1.575,0.25,0.2916666666666667,7,8.333333333333332,10.2,1.4083333333333334,0.19166666666666668,10.2,8.333333333333332,9,12,69.53125
PSL,1416490,2024-03-03,2023/24,Karachi Kings,Multan Sultans,0,1,0,-20,169,120,189,120,7,3,35,30,21,53,36,50,30,9,8.450000000000001,1.4083333333333334,0.2916666666666667,0.25,3,8.833333333333334,10.0,1.575,0.175,10.0,8.833333333333334,9,10,19.53125
PSL,1416491,2024-03-04,2023/24,Islamabad United,Peshawar Zalmi,1,0,0,29,196,120,167,120,4,9,38,53,26,46,36,53,30,10,9.8,1.6333333333333333,0.31666666666666665,0.44166666666666665,9,7.666666666666666,10.6,1.3916666666666666,0.21666666666666667,10.6,7.666666666666666,10,12,91.40625
PSL,1416491,2024-03-04,2023/24,Peshawar Zalmi,Islamabad United,0,1,0,-29,167,120,196,120,9,4,53,38,22,18,36,47,30,10,8.35,1.3916666666666666,0.44166666666666665,0.31666666666666665,4,3.0,9.4,1.6333333333333333,0.18333333333333332,9.4,3.0,10,11,61.71875
PSL,1416492,2024-03-05,2023/24,Peshawar Zalmi,Multan Sultans,1,0,1,4,204,120,200,120,5,5,40,30,28,71,36,54,30,6,10.2,1.7,0.3333333333333333,0.25,5,11.833333333333334,10.8,1.6666666666666667,0.23333333333333334,10.8,11.833333333333334,6,11,61.71875
PSL,1416492,2024-03-05,2023/24,Multan Sultans,Peshawar Zalmi,0,1,1,-4,200,120,204,120,5,5,30,40,24,40,36,76,30,6,10.0,1.6666666666666667,0.25,0.3333333333333333,5,6.666666666666667,15.2,1.7,0.2,15.2,6.666666666666667,6,12,69.53125
PSL,1416493,2024-03-06,2023/24,Quetta Gladiators,Karachi Kings,0,0,0,-3,118,115,121,93,10,3,52,33,13,53,36,21,25,12,6.156521739130435,1.0260869565217392,0.45217391304347826,0.3548387096774194,3,8.833333333333334,5.04,1.3010752688172043,0.11304347826086956,5.04,8.833333333333334,12,10,50.78125
PSL,1416493,2024-03-06,2023/24,Karachi Kings,Quetta Gladiators,1,1,0,3,121,93,118,115,3,10,33,52,15,49,36,8,3,12,7.806451612903226,1.3010752688172043,0.3548387096774194,0.45217391304347826,10,8.166666666666668,16.0,1.0260869565217392,0.16129032258064516,16.0,8.166666666666668,12,10,19.53125
PSL,1416494,2024-03-06,2023/24,Lahore Qalandars,Islamabad United,1,0,0,17,162,120,145,113,7,10,50,48,17,26,36,64,30,11,8.100000000000001,1.35,0.4166666666666667,0.4247787610619469,10,4.333333333333333,12.8,1.2831858407079646,0.14166666666666666,12.8,4.333333333333333,11,9,11.71875
PSL,1416494,2024-03-06,2023/24,Islamabad United,Lahore Qalandars,0,1,0,-17,145,113,162,120,10,7,48,50,20,36,36,44,23,11,7.699115044247788,1.2831858407079646,0.4247787610619469,0.4166666666666667,7,6.0,11.478260869565219,1.35,0.17699115044247787,11.478260869565219,6.0,11,12,91.40625
PSL,1416495,2024-03-07,2023/24,Karachi Kings,Islamabad United,0,0,0,-1,150,120,151,112,7,5,54,37,20,38,36,40,30,10,7.5,1.25,0.45,0.33035714285714285,5,6.333333333333334,8.0,1.3482142857142858,0.16666666666666666,8.0,6.333333333333334,10,10,19.53125
PSL,1416495,2024-03-07,2023/24,Islamabad United,Karachi Kings,1,1,0,1,151,112,150,120,5,7,37,54,16,47,36,36,22,10,8.089285714285715,1.3482142857142858,0.33035714285714285,0.45,7,7.833333333333334,9.818181818181818,1.25,0.14285714285714285,9.818181818181818,7.833333333333334,10,12,91.40625
PSL,1416496,2024-03-08,2023/24,Peshawar Zalmi,Quetta Gladiators,1,0,0,76,196,120,120,107,8,10,41,49,28,70,36,40,30,15,9.8,1.6333333333333333,0.3416666666666667,0.45794392523364486,10,11.666666666666666,8.0,1.1214953271028036,0.23333333333333334,8.0,11.666666666666666,15,11,61.71875
PSL,1416496,2024-03-08,2023/24,Quetta Gladiators,Peshawar Zalmi,0,1,0,-76,120,107,196,120,10,8,49,41,16,56,36,15,17,15,6.728971962616821,1.1214953271028036,0.45794392523364486,0.3416666666666667,8,9.333333333333334,5.294117647058823,1.6333333333333333,0.14953271028037382,5.294117647058823,9.333333333333334,15,10,50.78125
PSL,1416497,2024-03-09,2023/24,Lahore Qalandars,Karachi Kings,0,0,1,-2,177,120,179,120,5,7,29,29,20,44,36,55,30,11,8.850000000000001,1.475,0.24166666666666667,0.24166666666666667,7,7.333333333333334,11.0,1.4916666666666667,0.16666666666666666,11.0,7.333333333333334,11,9,11.71875
PSL,1416497,2024-03-09,2023/24,Karachi Kings,Lahore Qalandars,1,1,1,2,179,120,177,120,7,5,29,29,22,58,36,57,30,11,8.95,1.4916666666666667,0.24166666666666667,0.24166666666666667,5,9.666666666666668,11.399999999999999,1.475,0.18333333333333332,11.399999999999999,9.666666666666668,11,10,19.53125
PSL,1416498,2024-03-10,2023/24,Multan Sultans,Islamabad United,0,0,1,-4,228,120,232,120,4,7,35,29,37,58,36,66,30,6,11.399999999999999,1.9,0.2916666666666667,0.24166666666666667,7,9.666666666666668,13.200000000000001,1.9333333333333333,0.30833333333333335,13.200000000000001,9.666666666666668,6,12,69.53125
PSL,1416498,2024-03-10,2023/24,Islamabad United,Multan Sultans,1,1,1,4,232,120,228,120,7,4,29,35,34,65,36,61,30,6,11.6,1.9333333333333333,0.24166666666666667,0.2916666666666667,4,10.833333333333334,12.2,1.9,0.2833333333333333,12.2,10.833333333333334,6,12,91.40625
PSL,1416499,2024-03-10,2023/24,Lahore Qalandars,Quetta Gladiators,0,0,0,-3,166,120,169,120,4,4,34,41,17,39,36,44,30,6,8.3,1.3833333333333333,0.2833333333333333,0.3416666666666667,4,6.5,8.799999999999999,1.4083333333333334,0.14166666666666666,8.799999999999999,6.5,6,9,11.71875
PSL,1416499,2024-03-10,2023/24,Quetta Gladiators,Lahore Qalandars,1,1,0,3,169,120,166,120,4,4,41,34,17,43,36,56,30,6,8.450000000000001,1.4083333333333334,0.3416666666666667,0.2833333333333333,4,7.166666666666666,11.2,1.3833333333333333,0.14166666666666666,11.2,7.166666666666666,6,10,50.78125
PSL,1416500,2024-03-11,2023/24,Peshawar Zalmi,Karachi Kings,1,0,1,2,147,120,145,120,6,5,47,50,16,54,36,43,30,9,7.3500000000000005,1.225,0.39166666666666666,0.4166666666666667,5,9.0,8.6,1.2083333333333333,0.13333333333333333,8.6,9.0,9,11,61.71875
PSL,1416500,2024-03-11,2023/24,Karachi Kings,Peshawar Zalmi,0,1,1,-2,145,120,147,120,5,6,50,47,22,44,36,47,30,9,7.25,1.2083333333333333,0.4166666666666667,0.39166666666666666,6,7.333333333333334,9.4,1.225,0.18333333333333332,9.4,7.333333333333334,9,10,19.53125
PSL,1416501,2024-03-12,2023/24,Multan Sultans,Quetta Gladiators,1,0,0,79,185,120,106,95,4,10,36,47,22,43,36,65,30,7,9.25,1.5416666666666667,0.3,0.49473684210526314,10,7.166666666666666,13.0,1.1157894736842104,0.18333333333333332,13.0,7.166666666666666,7,12,69.53125
PSL,1416501,2024-03-12,2023/24,Quetta Gladiators,Multan Sultans,0,1,0,-79,106,95,185,120,10,4,47,36,13,46,36,0,5,7,6.694736842105263,1.1157894736842104,0.49473684210526314,0.3,4,7.666666666666666,0.0,1.5416666666666667,0.1368421052631579,0.0,7.666666666666666,7,10,50.78125
PSL,1416502,2024-03-14,2023/24,Peshawar Zalmi,Multan Sultans,0,0,0,-1,146,121,147,111,7,3,42,31,16,51,36,38,30,6,7.239669421487603,1.2066115702479339,0.34710743801652894,0.27927927927927926,3,8.5,7.6,1.3243243243243243,0.1322314049586777,7.6,8.5,6,11,61.71875
PSL,1416502,2024-03-14,2023/24,Multan Sultans,Peshawar Zalmi,1,1,0,1,147,111,146,121,3,7,31,42,17,45,36,38,21,6,7.945945945945946,1.3243243243243243,0.27927927927927926,0.34710743801652894,7,7.5,10.857142857142858,1.2066115702479339,0.15315315315315314,10.857142857142858,7.5,6,12,69.53125
PSL,1416503,2024-03-15,2023/24,Islamabad United,Quetta Gladiators,1,0,0,39,174,120,135,112,9,10,36,53,19,51,36,43,30,17,8.7,1.45,0.3,0.4732142857142857,10,8.5,8.6,1.2053571428571428,0.15833333333333333,8.6,8.5,17,12,91.40625
PSL,1416503,2024-03-15,2023/24,Quetta Gladiators,Islamabad United,0,1,0,-39,135,112,174,120,10,9,53,36,18,23,36,31,22,17,7.232142857142857,1.2053571428571428,0.4732142857142857,0.3,9,3.833333333333333,8.454545454545455,1.45,0.16071428571428573,8.454545454545455,3.833333333333333,17,10,50.78125
PSL,1416504,2024-03-16,2023/24,Peshawar Zalmi,Islamabad United,0,0,0,-4,185,120,189,114,5,5,38,38,24,59,36,54,30,7,9.25,1.5416666666666667,0.31666666666666665,0.3333333333333333,5,9.833333333333332,10.8,1.6578947368421053,0.2,10.8,9.833333333333332,7,11,61.71875
PSL,1416504,2024-03-16,2023/24,Islamabad United,Peshawar Zalmi,1,1,0,4,189,114,185,120,5,5,38,38,25,50,36,60,24,7,9.947368421052632,1.6578947368421053,0.3333333333333333,0.31666666666666665,5,8.333333333333332,15.0,1.5416666666666667,0.21929824561403508,15.0,8.333333333333332,7,12,91.40625
PSL,1416505,2024-03-18,2023/24,Multan Sultans,Islamabad United,0,0,1,-4,159,120,163,120,9,8,49,47,21,48,36,45,30,15,7.949999999999999,1.325,0.4083333333333333,0.39166666666666666,8,8.0,9.0,1.3583333333333334,0.175,9.0,8.0,15,12,69.53125
PSL,1416505,2024-03-18,2023/24,Islamabad United,Multan Sultans,1,1,1,4,163,120,159,120,8,9,47,49,25,46,36,47,30,15,8.15,1.3583333333333334,0.39166666666666666,0.4083333333333333,9,7.666666666666666,9.4,1.325,0.20833333333333334,9.4,7.666666666666666,15,12,91.40625
PSL,1475238,2025-04-11,2025,Lahore Qalandars,Islamabad United,0,0,0,-4,139,116,143,106,10,2,55,41,18,36,36,44,26,9,7.189655172413794,1.1982758620689655,0.47413793103448276,0.3867924528301887,2,6.0,10.153846153846153,1.349056603773585,0.15517241379310345,10.153846153846153,6.0,9,12,80.46875
PSL,1475238,2025-04-11,2025,Islamabad United,Lahore Qalandars,1,1,0,4,143,106,139,116,2,10,41,55,16,37,36,26,16,9,8.09433962264151,1.349056603773585,0.3867924528301887,0.47413793103448276,10,6.166666666666666,9.75,1.1982758620689655,0.1509433962264151,9.75,6.166666666666666,9,12,46.09375
PSL,1475239,2025-04-12,2025,Quetta Gladiators,Peshawar Zalmi,1,0,0,80,216,120,136,91,3,10,35,40,30,65,36,66,30,8,10.8,1.8,0.2916666666666667,0.43956043956043955,10,10.833333333333334,13.200000000000001,1.4945054945054945,0.25,13.200000000000001,10.833333333333334,8,11,99.21875
PSL,1475239,2025-04-12,2025,Peshawar Zalmi,Quetta Gladiators,0,1,0,-80,136,91,216,120,10,3,40,35,19,45,36,0,1,8,8.967032967032967,1.4945054945054945,0.43956043956043955,0.2916666666666667,3,7.5,0.0,1.8,0.2087912087912088,0.0,7.5,8,10,32.03125
PSL,1475240,2025-04-12,2025,Multan Sultans,Karachi Kings,0,0,0,-2,234,120,236,116,3,6,36,34,32,63,36,85,30,6,11.7,1.95,0.3,0.29310344827586204,6,10.5,17.0,2.0344827586206895,0.26666666666666666,17.0,10.5,6,10,0.78125
PSL,1475240,2025-04-12,2025,Karachi Kings,Multan Sultans,1,1,0,2,236,116,234,120,6,3,34,36,38,76,36,69,26,6,12.206896551724137,2.0344827586206895,0.29310344827586204,0.3,3,12.666666666666668,15.923076923076923,1.95,0.3275862068965517,15.923076923076923,12.666666666666668,6,11,35.15625
PSL,1475241,2025-04-13,2025,Lahore Qalandars,Quetta Gladiators,1,0,0,79,219,120,140,98,6,10,32,43,32,60,36,66,30,11,10.95,1.825,0.26666666666666666,0.4387755102040816,10,10.0,13.200000000000001,1.4285714285714286,0.26666666666666666,13.200000000000001,10.0,11,12,80.46875
PSL,1475241,2025-04-13,2025,Quetta Gladiators,Lahore Qalandars,0,1,0,-79,140,98,219,120,10,6,43,32,20,62,36,10,8,11,8.571428571428571,1.4285714285714286,0.4387755102040816,0.26666666666666666,6,10.333333333333334,7.5,1.825,0.20408163265306123,7.5,10.333333333333334,11,11,99.21875
PSL,1475242,2025-04-14,2025,Islamabad United,Peshawar Zalmi,1,0,0,102,243,120,141,110,5,10,34,51,37,73,36,70,30,13,12.149999999999999,2.025,0.2833333333333333,0.4636363636363636,10,12.166666666666666,14.0,1.2818181818181817,0.30833333333333335,14.0,12.166666666666666,13,12,46.09375
PSL,1475242,2025-04-14,2025,Peshawar Zalmi,Islamabad United,0,1,0,-102,141,110,243,120,10,5,51,34,20,43,36,16,20,13,7.6909090909090905,1.2818181818181817,0.4636363636363636,0.2833333333333333,5,7.166666666666666,4.800000000000001,2.025,0.18181818181818182,4.800000000000001,7.166666666666666,13,10,32.03125
PSL,1475243,2025-04-15,2025,Lahore Qalandars,Karachi Kings,1,0,0,65,201,120,136,115,6,10,40,61,29,44,36,51,30,13,10.05,1.675,0.3333333333333333,0.5304347826086957,10,7.333333333333334,10.2,1.182608695652174,0.24166666666666667,10.2,7.333333333333334,13,12,80.46875
PSL,1475243,2025-04-15,2025,Karachi Kings,Lahore Qalandars,0,1,0,-65,136,115,201,120,10,6,61,40,20,39,36,41,25,13,7.095652173913043,1.182608695652174,0.5304347826086957,0.3333333333333333,6,6.5,9.84,1.675,0.17391304347826086,9.84,6.5,13,11,35.15625
PSL,1475244,2025-04-16,2025,Islamabad United,Multan Sultans,1,0,0,47,202,120,155,112,6,10,38,42,30,62,36,72,30,14,10.1,1.6833333333333333,0.31666666666666665,0.375,10,10.333333333333334,14.399999999999999,1.3839285714285714,0.25,14.399999999999999,10.333333333333334,14,12,46.09375
PSL,1475244,2025-04-16,2025,Multan Sultans,Islamabad United,0,1,0,-47,155,112,202,120,10,6,42,38,17,62,36,18,22,14,8.303571428571429,1.3839285714285714,0.375,0.31666666666666665,6,10.333333333333334,4.909090909090909,1.6833333333333333,0.15178571428571427,4.909090909090909,10.333333333333334,14,10,0.78125
PSL,1475245,2025-04-18,2025,Karachi Kings,Quetta Gladiators,1,0,0,56,175,120,119,120,7,9,31,63,21,61,36,50,30,10,8.75,1.4583333333333333,0.25833333333333336,0.525,9,10.166666666666666,10.0,0.9916666666666667,0.175,10.0,10.166666666666666,10,11,35.15625
PSL,1475245,2025-04-18,2025,Quetta Gladiators,Karachi Kings,0,1,0,-56,119,120,175,120,9,7,63,31,14,37,36,34,30,10,5.95,0.9916666666666667,0.525,0.25833333333333336,7,6.166666666666666,6.8,1.4583333333333333,0.11666666666666667,6.8,6.166666666666666,10,11,99.21875
PSL,1475246,2025-04-19,2025,Peshawar Zalmi,Multan Sultans,1,0,0,120,227,120,107,95,7,10,34,42,31,69,36,83,30,13,11.35,1.8916666666666666,0.2833333333333333,0.4421052631578947,10,11.5,16.6,1.1263157894736842,0.25833333333333336,16.6,11.5,13,10,32.03125
PSL,1475246,2025-04-19,2025,Multan Sultans,Peshawar Zalmi,0,1,0,-120,107,95,227,120,10,7,42,34,14,61,36,2,5,13,6.757894736842105,1.1263157894736842,0.4421052631578947,0.2833333333333333,7,10.166666666666666,2.4000000000000004,1.8916666666666666,0.14736842105263157,2.4000000000000004,10.166666666666666,13,10,0.78125
PSL,1475247,2025-04-20,2025,Karachi Kings,Islamabad United,0,0,0,-1,128,120,129,103,7,4,48,52,11,41,36,39,30,4,6.4,1.0666666666666667,0.4,0.5048543689320388,4,6.833333333333333,7.800000000000001,1.2524271844660195,0.09166666666666666,7.800000000000001,6.833333333333333,4,11,35.15625
PSL,1475247,2025-04-20,2025,Islamabad United,Karachi Kings,1,1,0,1,129,103,128,120,4,7,52,48,19,48,36,19,13,4,7.514563106796118,1.2524271844660195,0.5048543689320388,0.4,7,8.0,8.769230769230768,1.0666666666666667,0.18446601941747573,8.769230769230768,8.0,4,12,46.09375
PSL,1475248,2025-04-21,2025,Peshawar Zalmi,Karachi Kings,0,0,1,-1,147,120,148,117,8,8,56,44,20,27,36,39,30,10,7.3500000000000005,1.225,0.4666666666666667,0.37606837606837606,8,4.5,7.800000000000001,1.264957264957265,0.16666666666666666,7.800000000000001,4.5,10,10,32.03125
PSL,1475248,2025-04-21,2025,Karachi Kings,Peshawar Zalmi,1,1,1,1,148,117,147,120,8,8,44,56,18,44,36,41,27,10,7.589743589743589,1.264957264957265,0.37606837606837606,0.4666666666666667,8,7.333333333333334,9.11111111111111,1.225,0.15384615384615385,9.11111111111111,7.333333333333334,10,11,35.15625
PSL,1475249,2025-04-22,2025,Multan Sultans,Lahore Qalandars,1,0,0,33,228,120,195,120,5,9,32,39,32,79,36,61,30,11,11.399999999999999,1.9,0.26666666666666666,0.325,9,13.166666666666668,12.2,1.625,0.26666666666666666,12.2,13.166666666666668,11,10,0.78125
PSL,1475249,2025-04-22,2025,Lahore Qalandars,Multan Sultans,0,1,0,-33,195,120,228,120,9,5,39,32,26,58,36,46,30,11,9.75,1.625,0.325,0.26666666666666666,5,9.666666666666668,9.200000000000001,1.9,0.21666666666666667,9.200000000000001,9.666666666666668,11,12,80.46875
PSL,1475250,2025-04-23,2025,Multan Sultans,Islamabad United,0,0,0,-3,168,120,171,103,5,3,34,32,19,48,36,42,30,9,8.399999999999999,1.4,0.2833333333333333,0.3106796116504854,3,8.0,8.399999999999999,1.6601941747572815,0.15833333333333333,8.399999999999999,8.0,9,10,0.78125
PSL,1475250,2025-04-23,2025,Islamabad United,Multan Sultans,1,1,0,3,171,103,168,120,3,5,32,34,24,69,36,27,13,9,9.96116504854369,1.6601941747572815,0.3106796116504854,0.2833333333333333,5,11.5,12.461538461538463,1.4,0.23300970873786409,12.461538461538463,11.5,9,12,46.09375
PSL,1475251,2025-04-24,2025,Lahore Qalandars,Peshawar Zalmi,0,0,0,-4,129,116,133,100,10,3,64,42,19,35,36,33,26,9,6.672413793103448,1.1120689655172413,0.5517241379310345,0.42,3,5.833333333333333,7.615384615384615,1.33,0.16379310344827586,7.615384615384615,5.833333333333333,9,12,80.46875
PSL,1475251,2025-04-24,2025,Peshawar Zalmi,Lahore Qalandars,1,1,0,4,133,100,129,116,3,10,42,64,18,52,36,16,10,9,7.98,1.33,0.42,0.5517241379310345,10,8.666666666666666,9.600000000000001,1.1120689655172413,0.18,9.600000000000001,8.666666666666666,9,10,32.03125
PSL,1475252,2025-04-25,2025,Quetta Gladiators,Karachi Kings,1,0,1,5,142,117,137,120,10,8,45,56,17,45,36,27,27,14,7.282051282051281,1.2136752136752136,0.38461538461538464,0.4666666666666667,8,7.5,6.0,1.1416666666666666,0.1452991452991453,6.0,7.5,14,11,99.21875
PSL,1475252,2025-04-25,2025,Karachi Kings,Quetta Gladiators,0,1,1,-5,137,120,142,117,8,10,56,45,18,51,36,36,30,14,6.85,1.1416666666666666,0.4666666666666667,0.38461538461538464,10,8.5,7.199999999999999,1.2136752136752136,0.15,7.199999999999999,8.5,14,11,35.15625
PSL,1475253,2025-04-26,2025,Multan Sultans,Lahore Qalandars,0,0,0,-1,185,120,186,114,3,5,34,44,23,39,36,69,30,6,9.25,1.5416666666666667,0.2833333333333333,0.38596491228070173,5,6.5,13.799999999999999,1.631578947368421,0.19166666666666668,13.799999999999999,6.5,6,10,0.78125
PSL,1475253,2025-04-26,2025,Lahore Qalandars,Multan Sultans,1,1,0,1,186,114,185,120,5,3,44,34,24,45,36,48,24,6,9.789473684210526,1.631578947368421,0.38596491228070173,0.2833333333333333,3,7.5,12.0,1.5416666666666667,0.21052631578947367,12.0,7.5,6,12,80.46875
PSL,1475254,2025-04-27,2025,Quetta Gladiators,Peshawar Zalmi,1,0,0,64,178,120,114,92,7,10,38,44,26,67,36,44,30,14,8.9,1.4833333333333334,0.31666666666666665,0.4782608695652174,10,11.166666666666668,8.799999999999999,1.2391304347826086,0.21666666666666667,8.799999999999999,11.166666666666668,14,11,99.21875
PSL,1475254,2025-04-27,2025,Peshawar Zalmi,Quetta Gladiators,0,1,0,-64,114,92,178,120,10,7,44,38,16,41,36,0,2,14,7.434782608695652,1.2391304347826086,0.4782608695652174,0.31666666666666665,7,6.833333333333333,0.0,1.4833333333333334,0.17391304347826086,0.0,6.833333333333333,14,10,32.03125
PSL,1475255,2025-04-29,2025,Multan Sultans,Quetta Gladiators,0,0,0,-1,89,102,90,41,10,0,58,15,10,31,36,14,12,11,5.235294117647059,0.8725490196078431,0.5686274509803921,0.36585365853658536,0,5.166666666666667,7.0,2.1951219512195124,0.09803921568627451,7.0,5.166666666666667,11,10,0.78125
PSL,1475255,2025-04-29,2025,Quetta Gladiators,Multan Sultans,1,1,0,1,90,41,89,102,0,10,15,58,14,74,36,0,0,11,13.170731707317074,2.1951219512195124,0.36585365853658536,0.5686274509803921,10,12.333333333333332,,0.8725490196078431,0.34146341463414637,,12.333333333333332,11,11,99.21875
PSL,1475256,2025-04-30,2025,Lahore Qalandars,Islamabad United,1,0,0,88,209,120,121,101,6,10,44,48,30,56,36,82,30,13,10.45,1.7416666666666667,0.36666666666666664,0.4752475247524752,10,9.333333333333334,16.4,1.198019801980198,0.25,16.4,9.333333333333334,13,12,80.46875
PSL,1475256,2025-04-30,2025,Islamabad United,Lahore Qalandars,0,1,0,-88,121,101,209,120,10,6,48,44,16,49,36,12,11,13,7.188118811881187,1.198019801980198,0.4752475247524752,0.36666666666666664,6,8.166666666666668,6.545454545454545,1.7416666666666667,0.15841584158415842,6.545454545454545,8.166666666666668,13,12,46.09375
PSL,1475257,2025-05-01,2025,Karachi Kings,Multan Sultans,1,0,0,87,204,120,117,97,4,10,33,47,27,65,36,66,30,12,10.2,1.7,0.275,0.4845360824742268,10,10.833333333333334,13.200000000000001,1.2061855670103092,0.225,13.200000000000001,10.833333333333334,12,11,35.15625
PSL,1475257,2025-05-01,2025,Multan Sultans,Karachi Kings,0,1,0,-87,117,97,204,120,10,4,47,33,14,53,36,15,7,12,7.237113402061855,1.2061855670103092,0.4845360824742268,0.275,4,8.833333333333334,12.857142857142858,1.7,0.14432989690721648,12.857142857142858,8.833333333333334,12,10,0.78125
PSL,1475259,2025-05-02,2025,Islamabad United,Peshawar Zalmi,0,0,0,-4,143,120,147,100,9,4,58,37,20,49,36,44,30,12,7.15,1.1916666666666667,0.48333333333333334,0.37,4,8.166666666666668,8.799999999999999,1.47,0.16666666666666666,8.799999999999999,8.166666666666668,12,12,46.09375
PSL,1475259,2025-05-02,2025,Peshawar Zalmi,Islamabad United,1,1,0,4,147,100,143,120,4,9,37,58,16,40,36,12,10,12,8.82,1.47,0.37,0.48333333333333334,9,6.666666666666667,7.199999999999999,1.1916666666666667,0.16,7.199999999999999,6.666666666666667,12,10,32.03125
PSL,1475260,2025-05-03,2025,Islamabad United,Quetta Gladiators,0,0,1,-2,157,120,159,119,9,8,57,40,21,59,36,58,30,15,7.85,1.3083333333333333,0.475,0.33613445378151263,8,9.833333333333332,11.6,1.3361344537815125,0.175,11.6,9.833333333333332,15,12,46.09375
PSL,1475260,2025-05-03,2025,Quetta Gladiators,Islamabad United,1,1,1,2,159,119,157,120,8,9,40,57,18,53,36,46,29,15,8.016806722689076,1.3361344537815125,0.33613445378151263,0.475,9,8.833333333333334,9.517241379310345,1.3083333333333333,0.15126050420168066,9.517241379310345,8.833333333333334,15,11,99.21875
PSL,1475261,2025-05-04,2025,Lahore Qalandars,Karachi Kings,0,0,0,-8,160,90,168,87,8,6,30,23,22,69,36,0,0,8,10.666666666666666,1.7777777777777777,0.3333333333333333,0.26436781609195403,6,11.5,,1.9310344827586208,0.24444444444444444,,11.5,8,12,80.46875
PSL,1475261,2025-05-04,2025,Karachi Kings,Lahore Qalandars,1,1,0,8,168,87,160,90,6,8,23,30,24,68,36,0,0,8,11.586206896551724,1.9310344827586208,0.26436781609195403,0.3333333333333333,8,11.333333333333332,,1.7777777777777777,0.27586206896551724,,11.333333333333332,8,11,35.15625
PSL,1475262,2025-05-05,2025,Multan Sultans,Peshawar Zalmi,0,0,0,-2,108,115,110,78,10,3,63,31,15,40,36,21,25,7,5.6347826086956525,0.9391304347826087,0.5478260869565217,0.3974358974358974,3,6.666666666666667,5.04,1.4102564102564104,0.13043478260869565,5.04,6.666666666666667,7,10,0.78125
PSL,1475262,2025-05-05,2025,Peshawar Zalmi,Multan Sultans,1,1,0,2,110,78,108,115,3,10,31,63,14,54,36,0,0,7,8.461538461538462,1.4102564102564104,0.3974358974358974,0.5478260869565217,10,9.0,,0.9391304347826087,0.1794871794871795,,9.0,7,10,32.03125
PSL,1475263,2025-05-07,2025,Quetta Gladiators,Islamabad United,1,0,0,109,263,120,154,117,3,10,30,45,39,63,36,81,30,12,13.150000000000002,2.191666666666667,0.25,0.38461538461538464,10,10.5,16.200000000000003,1.3162393162393162,0.325,16.200000000000003,10.5,12,11,99.21875
PSL,1475263,2025-05-07,2025,Islamabad United,Quetta Gladiators,0,1,0,-109,154,117,263,120,10,3,45,30,20,53,36,48,27,12,7.897435897435898,1.3162393162393162,0.38461538461538464,0.25,3,8.833333333333334,10.666666666666666,2.191666666666667,0.17094017094017094,10.666666666666666,8.833333333333334,12,12,46.09375
PSL,1475264,2025-05-17,2025,Karachi Kings,Peshawar Zalmi,1,0,0,23,237,120,214,120,4,5,28,26,36,57,36,75,30,9,11.850000000000001,1.975,0.23333333333333334,0.21666666666666667,5,9.5,15.0,1.7833333333333334,0.3,15.0,9.5,9,11,35.15625
PSL,1475264,2025-05-17,2025,Peshawar Zalmi,Karachi Kings,0,1,0,-23,214,120,237,120,5,4,26,28,30,59,36,68,30,9,10.700000000000001,1.7833333333333334,0.21666666666666667,0.23333333333333334,4,9.833333333333332,13.6,1.975,0.25,13.6,9.833333333333332,9,10,32.03125
PSL,1475265,2025-05-18,2025,Multan Sultans,Quetta Gladiators,0,0,1,-5,185,120,190,120,7,8,41,39,26,56,36,49,30,11,9.25,1.5416666666666667,0.3416666666666667,0.325,8,9.333333333333334,9.8,1.5833333333333333,0.21666666666666667,9.8,9.333333333333334,11,10,0.78125
PSL,1475265,2025-05-18,2025,Quetta Gladiators,Multan Sultans,1,1,1,5,190,120,185,120,8,7,39,41,25,60,36,50,30,11,9.5,1.5833333333333333,0.325,0.3416666666666667,7,10.0,10.0,1.5416666666666667,0.20833333333333334,10.0,10.0,11,11,99.21875
PSL,1475266,2025-05-18,2025,Lahore Qalandars,Peshawar Zalmi,1,0,0,26,149,78,123,78,8,8,25,29,23,80,36,0,0,9,11.461538461538462,1.9102564102564104,0.32051282051282054,0.3717948717948718,8,13.333333333333334,,1.5769230769230769,0.2948717948717949,,13.333333333333334,9,12,80.46875
PSL,1475266,2025-05-18,2025,Peshawar Zalmi,Lahore Qalandars,0,1,0,-26,123,78,149,78,8,8,29,25,16,48,36,0,0,9,9.461538461538462,1.5769230769230769,0.3717948717948718,0.32051282051282054,8,8.0,,1.9102564102564104,0.20512820512820512,,8.0,9,10,32.03125
PSL,1475267,2025-05-19,2025,Islamabad United,Karachi Kings,1,0,0,79,251,120,172,110,5,10,31,40,36,76,36,71,30,10,12.55,2.091666666666667,0.25833333333333336,0.36363636363636365,10,12.666666666666668,14.2,1.5636363636363637,0.3,14.2,12.666666666666668,10,12,46.09375
PSL,1475267,2025-05-19,2025,Karachi Kings,Islamabad United,0,1,0,-79,172,110,251,120,10,5,40,31,25,61,36,46,20,10,9.381818181818183,1.5636363636363637,0.36363636363636365,0.25833333333333336,5,10.166666666666666,13.799999999999999,2.091666666666667,0.22727272727272727,13.799999999999999,10.166666666666666,10,11,35.15625
PSL,1475268,2025-05-21,2025,Quetta Gladiators,Islamabad United,1,0,0,30,209,120,179,118,6,10,32,38,30,70,36,67,30,12,10.45,1.7416666666666667,0.26666666666666666,0.3220338983050847,10,11.666666666666666,13.4,1.5169491525423728,0.25,13.4,11.666666666666666,12,11,99.21875
PSL,1475268,2025-05-21,2025,Islamabad United,Quetta Gladiators,0,1,0,-30,179,118,209,120,10,6,38,32,24,45,36,36,28,12,9.101694915254237,1.5169491525423728,0.3220338983050847,0.26666666666666666,6,7.5,7.714285714285715,1.7416666666666667,0.2033898305084746,7.714285714285715,7.5,12,12,46.09375
PSL,1475269,2025-05-22,2025,Karachi Kings,Lahore Qalandars,0,0,0,-1,190,120,191,112,8,4,41,31,23,70,36,50,30,10,9.5,1.5833333333333333,0.3416666666666667,0.2767857142857143,4,11.666666666666666,10.0,1.7053571428571428,0.19166666666666668,10.0,11.666666666666666,10,11,35.15625
PSL,1475269,2025-05-22,2025,Lahore Qalandars,Karachi Kings,1,1,0,1,191,112,190,120,4,8,31,41,24,60,36,35,22,10,10.232142857142858,1.7053571428571428,0.2767857142857143,0.3416666666666667,8,10.0,9.545454545454545,1.5833333333333333,0.21428571428571427,9.545454545454545,10.0,10,12,80.46875
PSL,1475270,2025-05-23,2025,Lahore Qalandars,Islamabad United,1,0,0,95,202,120,107,91,8,10,36,48,30,58,36,69,30,14,10.1,1.6833333333333333,0.3,0.5274725274725275,10,9.666666666666668,13.799999999999999,1.1758241758241759,0.25,13.799999999999999,9.666666666666668,14,12,80.46875
PSL,1475270,2025-05-23,2025,Islamabad United,Lahore Qalandars,0,1,0,-95,107,91,202,120,10,8,48,36,13,33,36,0,1,14,7.054945054945055,1.1758241758241759,0.5274725274725275,0.3,8,5.5,0.0,1.6833333333333333,0.14285714285714285,0.0,5.5,14,12,46.09375
PSL,1475271,2025-05-25,2025,Quetta Gladiators,Lahore Qalandars,0,0,0,-3,201,120,204,119,9,4,41,42,31,57,36,59,30,11,10.05,1.675,0.3416666666666667,0.35294117647058826,4,9.5,11.799999999999999,1.7142857142857142,0.25833333333333336,11.799999999999999,9.5,11,11,99.21875
PSL,1475271,2025-05-25,2025,Lahore Qalandars,Quetta Gladiators,1,1,0,3,204,119,201,120,4,9,42,41,29,56,36,73,29,11,10.285714285714285,1.7142857142857142,0.35294117647058826,0.3416666666666667,9,9.333333333333334,15.103448275862068,1.675,0.24369747899159663,15.103448275862068,9.333333333333334,11,12,80.46875
PSL,1527552,2026-03-26,2026,Lahore Qalandars,Hyderabad Kingsmen,1,0,0,69,199,120,130,120,6,10,38,43,27,64,36,70,30,12,9.950000000000001,1.6583333333333334,0.31666666666666665,0.35833333333333334,10,10.666666666666666,14.0,1.0833333333333333,0.225,14.0,10.666666666666666,12,10,34.375
PSL,1527552,2026-03-26,2026,Hyderabad Kingsmen,Lahore Qalandars,0,1,0,-69,130,120,199,120,10,6,43,38,12,48,36,29,30,12,6.5,1.0833333333333333,0.35833333333333334,0.31666666666666665,6,8.0,5.8,1.6583333333333334,0.1,5.8,8.0,12,13,79.6875
PSL,1527553,2026-03-27,2026,Karachi Kings,Quetta Gladiators,1,0,0,14,181,120,167,120,7,7,45,45,28,60,36,56,30,8,9.05,1.5083333333333333,0.375,0.375,7,10.0,11.2,1.3916666666666666,0.23333333333333334,11.2,10.0,8,10,15.625
PSL,1527553,2026-03-27,2026,Quetta Gladiators,Karachi Kings,0,1,0,-14,167,120,181,120,7,7,45,45,25,75,36,43,30,8,8.35,1.3916666666666666,0.375,0.375,7,12.5,8.6,1.5083333333333333,0.20833333333333334,8.6,12.5,8,10,15.625
PSL,1527554,2026-03-28,2026,Rawalpindiz,Peshawar Zalmi,0,0,0,-4,214,120,218,115,4,5,35,22,30,63,36,62,30,8,10.700000000000001,1.7833333333333334,0.2916666666666667,0.19130434782608696,5,10.5,12.400000000000002,1.8956521739130434,0.25,12.400000000000002,10.5,8,10,3.125
PSL,1527554,2026-03-28,2026,Peshawar Zalmi,Rawalpindiz,1,1,0,4,218,115,214,120,5,4,22,35,27,62,36,77,25,8,11.373913043478261,1.8956521739130434,0.19130434782608696,0.2916666666666667,4,10.333333333333334,18.48,1.7833333333333334,0.23478260869565218,18.48,10.333333333333334,8,11,100.0
PSL,1527555,2026-03-28,2026,Islamabad United,Multan Sultans,0,0,0,-4,171,120,175,112,8,5,36,27,20,48,36,41,30,11,8.55,1.425,0.3,0.24107142857142858,5,8.0,8.2,1.5625,0.16666666666666666,8.2,8.0,11,11,67.1875
PSL,1527555,2026-03-28,2026,Multan Sultans,Islamabad United,1,1,0,4,175,112,171,120,5,8,27,36,22,49,36,42,22,11,9.375,1.5625,0.24107142857142858,0.3,8,8.166666666666668,11.454545454545455,1.425,0.19642857142857142,11.454545454545455,8.166666666666668,11,11,57.8125
PSL,1527556,2026-03-29,2026,Quetta Gladiators,Hyderabad Kingsmen,1,0,0,40,174,120,134,120,8,8,41,48,18,45,36,51,30,15,8.7,1.45,0.3416666666666667,0.4,8,7.5,10.2,1.1166666666666667,0.15,10.2,7.5,15,10,15.625
PSL,1527556,2026-03-29,2026,Hyderabad Kingsmen,Quetta Gladiators,0,1,0,-40,134,120,174,120,8,8,48,41,15,37,36,29,30,15,6.7,1.1166666666666667,0.4,0.3416666666666667,8,6.166666666666666,5.8,1.45,0.125,5.8,6.166666666666666,15,13,79.6875
PSL,1527557,2026-03-29,2026,Lahore Qalandars,Karachi Kings,0,0,0,-3,128,120,131,117,9,6,52,49,12,42,36,20,30,10,6.4,1.0666666666666667,0.43333333333333335,0.4188034188034188,6,7.0,4.0,1.1196581196581197,0.1,4.0,7.0,10,10,34.375
PSL,1527557,2026-03-29,2026,Karachi Kings,Lahore Qalandars,1,1,0,3,131,117,128,120,6,9,49,52,14,27,36,43,27,10,6.717948717948718,1.1196581196581197,0.4188034188034188,0.43333333333333335,9,4.5,9.555555555555555,1.0666666666666667,0.11965811965811966,9.555555555555555,4.5,10,10,15.625
PSL,1527559,2026-04-01,2026,Hyderabad Kingsmen,Multan Sultans,0,0,0,-2,225,120,227,112,5,4,29,27,30,74,36,61,30,7,11.25,1.875,0.24166666666666667,0.24107142857142858,4,12.333333333333332,12.2,2.0267857142857144,0.25,12.2,12.333333333333332,7,13,79.6875
PSL,1527559,2026-04-01,2026,Multan Sultans,Hyderabad Kingsmen,1,1,0,2,227,112,225,120,4,5,27,29,32,83,36,39,22,7,12.160714285714286,2.0267857142857144,0.24107142857142858,0.24166666666666667,5,13.833333333333332,10.636363636363637,1.875,0.2857142857142857,10.636363636363637,13.833333333333332,7,11,57.8125
PSL,1527560,2026-04-02,2026,Quetta Gladiators,Islamabad United,0,0,0,-6,183,120,189,110,5,2,42,30,24,60,36,74,30,4,9.149999999999999,1.525,0.35,0.2727272727272727,2,10.0,14.8,1.7181818181818183,0.2,14.8,10.0,4,10,15.625
PSL,1527560,2026-04-02,2026,Islamabad United,Quetta Gladiators,1,1,0,6,189,110,183,120,2,5,30,42,23,58,36,48,20,4,10.309090909090909,1.7181818181818183,0.2727272727272727,0.35,5,9.666666666666668,14.399999999999999,1.525,0.20909090909090908,14.399999999999999,9.666666666666668,4,11,67.1875
PSL,1527561,2026-04-02,2026,Rawalpindiz,Karachi Kings,0,0,0,-2,197,120,199,116,6,5,33,39,27,55,36,57,30,5,9.85,1.6416666666666666,0.275,0.33620689655172414,5,9.166666666666666,11.399999999999999,1.7155172413793103,0.225,11.399999999999999,9.166666666666666,5,10,3.125
PSL,1527561,2026-04-02,2026,Karachi Kings,Rawalpindiz,1,1,0,2,199,116,197,120,5,6,39,33,29,52,36,55,26,5,10.293103448275861,1.7155172413793103,0.33620689655172414,0.275,6,8.666666666666666,12.692307692307693,1.6416666666666666,0.25,12.692307692307693,8.666666666666666,5,10,15.625
PSL,1527562,2026-04-03,2026,Lahore Qalandars,Multan Sultans,1,0,0,20,185,78,165,78,5,5,14,20,23,97,36,0,0,8,14.23076923076923,2.371794871794872,0.1794871794871795,0.2564102564102564,5,16.166666666666668,,2.1153846153846154,0.2948717948717949,,16.166666666666668,8,10,34.375
PSL,1527562,2026-04-03,2026,Multan Sultans,Lahore Qalandars,0,1,0,-20,165,78,185,78,5,5,20,14,23,53,36,0,0,8,12.692307692307693,2.1153846153846154,0.2564102564102564,0.1794871794871795,5,8.833333333333334,,2.371794871794872,0.2948717948717949,,8.833333333333334,8,11,57.8125
PSL,1527563,2026-04-04,2026,Rawalpindiz,Islamabad United,0,0,0,-1,156,120,157,86,7,3,44,24,18,35,36,58,30,8,7.800000000000001,1.3,0.36666666666666664,0.27906976744186046,3,5.833333333333333,11.6,1.8255813953488371,0.15,11.6,5.833333333333333,8,10,3.125
PSL,1527563,2026-04-04,2026,Islamabad United,Rawalpindiz,1,1,0,1,157,86,156,120,3,7,24,44,22,62,36,0,0,8,10.953488372093023,1.8255813953488371,0.27906976744186046,0.36666666666666664,7,10.333333333333334,,1.3,0.2558139534883721,,10.333333333333334,8,11,67.1875
PSL,1527564,2026-04-05,2026,Quetta Gladiators,Multan Sultans,0,0,0,-1,166,120,167,105,8,4,39,28,22,47,36,58,30,10,8.3,1.3833333333333333,0.325,0.26666666666666666,4,7.833333333333334,11.6,1.5904761904761904,0.18333333333333332,11.6,7.833333333333334,10,10,15.625
PSL,1527564,2026-04-05,2026,Multan Sultans,Quetta Gladiators,1,1,0,1,167,105,166,120,4,8,28,39,21,83,36,24,15,10,9.542857142857143,1.5904761904761904,0.26666666666666666,0.325,8,13.833333333333332,9.600000000000001,1.3833333333333333,0.2,9.600000000000001,13.833333333333332,10,11,57.8125
PSL,1527565,2026-04-06,2026,Rawalpindiz,Multan Sultans,0,0,0,-4,182,120,186,98,8,3,47,24,27,52,36,54,30,6,9.1,1.5166666666666666,0.39166666666666666,0.24489795918367346,3,8.666666666666666,10.8,1.8979591836734695,0.225,10.8,8.666666666666666,6,10,3.125
PSL,1527565,2026-04-06,2026,Multan Sultans,Rawalpindiz,1,1,0,4,186,98,182,120,3,8,24,47,26,58,36,25,8,6,11.387755102040817,1.8979591836734695,0.24489795918367346,0.39166666666666666,8,9.666666666666668,18.75,1.5166666666666666,0.2653061224489796,18.75,9.666666666666668,6,11,57.8125
PSL,1527566,2026-04-08,2026,Hyderabad Kingsmen,Peshawar Zalmi,0,0,0,-1,145,110,146,120,10,6,38,44,17,51,36,26,20,12,7.909090909090908,1.3181818181818181,0.34545454545454546,0.36666666666666664,6,8.5,7.800000000000001,1.2166666666666666,0.15454545454545454,7.800000000000001,8.5,12,13,79.6875
PSL,1527566,2026-04-08,2026,Peshawar Zalmi,Hyderabad Kingsmen,1,1,0,1,146,120,145,110,6,10,44,38,18,56,36,30,30,12,7.299999999999999,1.2166666666666666,0.36666666666666664,0.34545454545454546,10,9.333333333333334,6.0,1.3181818181818181,0.15,6.0,9.333333333333334,12,11,100.0
PSL,1527567,2026-04-09,2026,Lahore Qalandars,Islamabad United,0,0,0,-4,100,111,104,62,10,1,55,22,9,34,36,14,21,7,5.405405405405405,0.9009009009009009,0.4954954954954955,0.3548387096774194,1,5.666666666666666,4.0,1.6774193548387097,0.08108108108108109,4.0,5.666666666666666,7,10,34.375
PSL,1527567,2026-04-09,2026,Islamabad United,Lahore Qalandars,1,1,0,4,104,62,100,111,1,10,22,55,17,51,36,0,0,7,10.064516129032258,1.6774193548387097,0.3548387096774194,0.4954954954954955,10,8.5,,0.9009009009009009,0.27419354838709675,,8.5,7,11,67.1875
PSL,1527568,2026-04-09,2026,Peshawar Zalmi,Karachi Kings,1,0,0,159,246,120,87,97,3,10,25,62,38,66,36,76,30,9,12.299999999999999,2.05,0.20833333333333334,0.6391752577319587,10,11.0,15.2,0.8969072164948454,0.31666666666666665,15.2,11.0,9,11,100.0
PSL,1527568,2026-04-09,2026,Karachi Kings,Peshawar Zalmi,0,1,0,-159,87,97,246,120,10,3,62,25,14,33,36,1,7,9,5.381443298969073,0.8969072164948454,0.6391752577319587,0.20833333333333334,3,5.5,0.8571428571428571,2.05,0.14432989690721648,0.8571428571428571,5.5,9,10,15.625
PSL,1527569,2026-04-10,2026,Quetta Gladiators,Rawalpindiz,1,0,0,61,182,120,121,105,6,10,29,45,21,43,36,61,30,12,9.1,1.5166666666666666,0.24166666666666667,0.42857142857142855,10,7.166666666666666,12.2,1.1523809523809523,0.175,12.2,7.166666666666666,12,10,15.625
PSL,1527569,2026-04-10,2026,Rawalpindiz,Quetta Gladiators,0,1,0,-61,121,105,182,120,10,6,45,29,14,46,36,17,15,12,6.914285714285714,1.1523809523809523,0.42857142857142855,0.24166666666666667,6,7.666666666666666,6.8,1.5166666666666666,0.13333333333333333,6.8,7.666666666666666,12,10,3.125
PSL,1527570,2026-04-11,2026,Peshawar Zalmi,Lahore Qalandars,1,0,0,76,173,120,97,102,7,10,37,54,20,49,36,47,30,13,8.65,1.4416666666666667,0.30833333333333335,0.5294117647058824,10,8.166666666666668,9.4,0.9509803921568627,0.16666666666666666,9.4,8.166666666666668,13,11,100.0
PSL,1527570,2026-04-11,2026,Lahore Qalandars,Peshawar Zalmi,0,1,0,-76,97,102,173,120,10,7,54,37,14,43,36,17,12,13,5.705882352941176,0.9509803921568627,0.5294117647058824,0.30833333333333335,7,7.166666666666666,8.5,1.4416666666666667,0.13725490196078433,8.5,7.166666666666666,13,10,34.375
PSL,1527571,2026-04-11,2026,Karachi Kings,Hyderabad Kingsmen,0,0,0,-1,188,120,189,115,8,6,39,34,24,49,36,62,30,12,9.4,1.5666666666666667,0.325,0.2956521739130435,6,8.166666666666668,12.400000000000002,1.6434782608695653,0.2,12.400000000000002,8.166666666666668,12,10,15.625
PSL,1527571,2026-04-11,2026,Hyderabad Kingsmen,Karachi Kings,1,1,0,1,189,115,188,120,6,8,34,39,25,76,36,50,25,12,9.860869565217392,1.6434782608695653,0.2956521739130435,0.325,8,12.666666666666668,12.0,1.5666666666666667,0.21739130434782608,12.0,12.666666666666668,12,13,79.6875
PSL,1527572,2026-04-12,2026,Islamabad United,Hyderabad Kingsmen,0,0,0,-4,153,120,157,109,9,4,37,34,17,57,36,41,30,13,7.6499999999999995,1.275,0.30833333333333335,0.3119266055045872,4,9.5,8.2,1.4403669724770642,0.14166666666666666,8.2,9.5,13,11,67.1875
PSL,1527572,2026-04-12,2026,Hyderabad Kingsmen,Islamabad United,1,1,0,4,157,109,153,120,4,9,34,37,19,56,36,40,19,13,8.642201834862385,1.4403669724770642,0.3119266055045872,0.30833333333333335,9,9.333333333333334,12.631578947368421,1.275,0.1743119266055046,12.631578947368421,9.333333333333334,13,13,79.6875
PSL,1527573,2026-04-13,2026,Peshawar Zalmi,Multan Sultans,1,0,0,24,196,120,172,120,6,8,33,33,24,59,36,48,30,12,9.8,1.6333333333333333,0.275,0.275,8,9.833333333333332,9.600000000000001,1.4333333333333333,0.2,9.600000000000001,9.833333333333332,12,11,100.0
PSL,1527573,2026-04-13,2026,Multan Sultans,Peshawar Zalmi,0,1,0,-24,172,120,196,120,8,6,33,33,21,61,36,26,30,12,8.6,1.4333333333333333,0.275,0.275,6,10.166666666666666,5.2,1.6333333333333333,0.175,5.2,10.166666666666666,12,11,57.8125
PSL,1527574,2026-04-15,2026,Quetta Gladiators,Peshawar Zalmi,0,0,0,-2,154,120,156,111,10,2,46,31,20,54,36,41,30,12,7.700000000000001,1.2833333333333334,0.38333333333333336,0.27927927927927926,2,9.0,8.2,1.4054054054054055,0.16666666666666666,8.2,9.0,12,10,15.625
PSL,1527574,2026-04-15,2026,Peshawar Zalmi,Quetta Gladiators,1,1,0,2,156,111,154,120,2,10,31,46,19,59,36,32,21,12,8.432432432432433,1.4054054054054055,0.27927927927927926,0.38333333333333336,10,9.833333333333332,9.142857142857142,1.2833333333333334,0.17117117117117117,9.142857142857142,9.833333333333332,12,11,100.0
PSL,1527575,2026-04-16,2026,Rawalpindiz,Hyderabad Kingsmen,0,0,0,-2,121,120,123,99,9,5,49,42,14,24,36,47,30,9,6.05,1.0083333333333333,0.4083333333333333,0.42424242424242425,5,4.0,9.4,1.2424242424242424,0.11666666666666667,9.4,4.0,9,10,3.125
PSL,1527575,2026-04-16,2026,Hyderabad Kingsmen,Rawalpindiz,1,1,0,2,123,99,121,120,5,9,42,49,17,35,36,12,9,9,7.454545454545455,1.2424242424242424,0.42424242424242425,0.4083333333333333,9,5.833333333333333,8.0,1.0083333333333333,0.1717171717171717,8.0,5.833333333333333,9,13,79.6875
PSL,1527576,2026-04-16,2026,Karachi Kings,Islamabad United,0,0,0,-3,150,120,153,96,6,2,35,23,15,45,36,32,30,8,7.5,1.25,0.2916666666666667,0.23958333333333334,2,7.5,6.4,1.59375,0.125,6.4,7.5,8,10,15.625
PSL,1527576,2026-04-16,2026,Islamabad United,Karachi Kings,1,1,0,3,153,96,150,120,2,6,23,35,20,67,36,10,6,8,9.5625,1.59375,0.23958333333333334,0.2916666666666667,6,11.166666666666668,10.0,1.25,0.20833333333333334,10.0,11.166666666666668,8,11,67.1875
PSL,1527577,2026-04-17,2026,Lahore Qalandars,Quetta Gladiators,0,0,0,-4,134,119,138,98,10,4,55,41,18,42,36,57,29,10,6.756302521008403,1.1260504201680672,0.46218487394957986,0.41836734693877553,4,7.0,11.793103448275861,1.4081632653061225,0.15126050420168066,11.793103448275861,7.0,10,10,34.375
PSL,1527577,2026-04-17,2026,Quetta Gladiators,Lahore Qalandars,1,1,0,4,138,98,134,119,4,10,41,55,17,47,36,16,8,10,8.448979591836736,1.4081632653061225,0.41836734693877553,0.46218487394957986,10,7.833333333333334,12.0,1.1260504201680672,0.17346938775510204,12.0,7.833333333333334,10,10,15.625
PSL,1527578,2026-04-18,2026,Lahore Qalandars,Rawalpindiz,1,0,0,32,210,120,178,120,4,9,38,37,27,69,36,47,30,9,10.5,1.75,0.31666666666666665,0.30833333333333335,9,11.5,9.4,1.4833333333333334,0.225,9.4,11.5,9,10,34.375
PSL,1527578,2026-04-18,2026,Rawalpindiz,Lahore Qalandars,0,1,0,-32,178,120,210,120,9,4,37,38,25,62,36,53,30,9,8.9,1.4833333333333334,0.30833333333333335,0.31666666666666665,4,10.333333333333334,10.6,1.75,0.20833333333333334,10.6,10.333333333333334,9,10,3.125
PSL,1527579,2026-04-19,2026,Multan Sultans,Karachi Kings,1,0,0,11,207,120,196,118,7,10,38,34,27,69,36,57,30,16,10.350000000000001,1.725,0.31666666666666665,0.288135593220339,10,11.5,11.399999999999999,1.6610169491525424,0.225,11.399999999999999,11.5,16,11,57.8125
PSL,1527579,2026-04-19,2026,Karachi Kings,Multan Sultans,0,1,0,-11,196,118,207,120,10,7,34,38,23,49,36,59,28,16,9.966101694915254,1.6610169491525424,0.288135593220339,0.31666666666666665,7,8.166666666666668,12.642857142857142,1.725,0.19491525423728814,12.642857142857142,8.166666666666668,16,10,15.625
PSL,1527580,2026-04-19,2026,Peshawar Zalmi,Quetta Gladiators,1,0,0,118,255,120,137,109,3,10,14,50,32,80,36,76,30,13,12.75,2.125,0.11666666666666667,0.45871559633027525,10,13.333333333333334,15.2,1.2568807339449541,0.26666666666666666,15.2,13.333333333333334,13,11,100.0
PSL,1527580,2026-04-19,2026,Quetta Gladiators,Peshawar Zalmi,0,1,0,-118,137,109,255,120,10,3,50,14,16,42,36,14,19,13,7.541284403669724,1.2568807339449541,0.45871559633027525,0.11666666666666667,3,7.0,4.421052631578947,2.125,0.14678899082568808,4.421052631578947,7.0,13,10,15.625
PSL,1527581,2026-04-21,2026,Lahore Qalandars,Quetta Gladiators,1,0,1,9,197,120,188,120,6,7,38,41,28,58,36,43,30,11,9.85,1.6416666666666666,0.31666666666666665,0.3416666666666667,7,9.666666666666668,8.6,1.5666666666666667,0.23333333333333334,8.6,9.666666666666668,11,10,34.375
PSL,1527581,2026-04-21,2026,Quetta Gladiators,Lahore Qalandars,0,1,1,-9,188,120,197,120,7,6,41,38,28,55,36,39,30,11,9.4,1.5666666666666667,0.3416666666666667,0.31666666666666665,6,9.166666666666666,7.800000000000001,1.6416666666666666,0.23333333333333334,7.800000000000001,9.166666666666666,11,10,15.625
PSL,1527582,2026-04-21,2026,Rawalpindiz,Multan Sultans,0,0,0,-1,166,120,167,112,4,4,40,26,17,33,36,61,30,7,8.3,1.3833333333333333,0.3333333333333333,0.23214285714285715,4,5.5,12.2,1.4910714285714286,0.14166666666666666,12.2,5.5,7,10,3.125
PSL,1527582,2026-04-21,2026,Multan Sultans,Rawalpindiz,1,1,0,1,167,112,166,120,4,4,26,40,19,51,36,44,22,7,8.946428571428571,1.4910714285714286,0.23214285714285715,0.3333333333333333,4,8.5,12.0,1.3833333333333333,0.16964285714285715,12.0,8.5,7,11,57.8125
PSL,1527583,2026-04-22,2026,Karachi Kings,Peshawar Zalmi,0,0,0,-4,182,120,186,113,9,3,37,34,26,55,36,49,30,8,9.1,1.5166666666666666,0.30833333333333335,0.3008849557522124,3,9.166666666666666,9.8,1.6460176991150441,0.21666666666666667,9.8,9.166666666666666,8,10,15.625
PSL,1527583,2026-04-22,2026,Peshawar Zalmi,Karachi Kings,1,1,0,4,186,113,182,120,3,9,34,37,25,54,36,58,23,8,9.876106194690266,1.6460176991150441,0.3008849557522124,0.30833333333333335,9,9.0,15.130434782608695,1.5166666666666666,0.22123893805309736,15.130434782608695,9.0,8,11,100.0
PSL,1527584,2026-04-22,2026,Multan Sultans,Hyderabad Kingsmen,0,0,0,-1,213,120,214,117,7,6,35,32,32,56,36,59,30,7,10.649999999999999,1.775,0.2916666666666667,0.27350427350427353,6,9.333333333333334,11.799999999999999,1.829059829059829,0.26666666666666666,11.799999999999999,9.333333333333334,7,11,57.8125
PSL,1527584,2026-04-22,2026,Hyderabad Kingsmen,Multan Sultans,1,1,0,1,214,117,213,120,6,7,32,35,30,54,36,52,27,7,10.974358974358974,1.829059829059829,0.27350427350427353,0.2916666666666667,7,9.0,11.555555555555555,1.775,0.2564102564102564,11.555555555555555,9.0,7,13,79.6875
PSL,1527585,2026-04-23,2026,Islamabad United,Rawalpindiz,0,0,0,-3,137,120,140,109,10,4,43,39,13,30,36,44,30,13,6.85,1.1416666666666666,0.35833333333333334,0.3577981651376147,4,5.0,8.799999999999999,1.2844036697247707,0.10833333333333334,8.799999999999999,5.0,13,11,67.1875
PSL,1527585,2026-04-23,2026,Rawalpindiz,Islamabad United,1,1,0,3,140,109,137,120,4,10,39,43,17,49,36,40,19,13,7.706422018348624,1.2844036697247707,0.3577981651376147,0.35833333333333334,10,8.166666666666668,12.631578947368421,1.1416666666666666,0.1559633027522936,12.631578947368421,8.166666666666668,13,10,3.125
PSL,1527586,2026-04-23,2026,Lahore Qalandars,Karachi Kings,0,0,0,-4,199,120,203,112,6,5,36,39,24,57,36,52,30,10,9.950000000000001,1.6583333333333334,0.3,0.3482142857142857,5,9.5,10.4,1.8125,0.2,10.4,9.5,10,10,34.375
PSL,1527586,2026-04-23,2026,Karachi Kings,Lahore Qalandars,1,1,0,4,203,112,199,120,5,6,39,36,29,49,36,61,22,10,10.875,1.8125,0.3482142857142857,0.3,6,8.166666666666668,16.636363636363637,1.6583333333333334,0.25892857142857145,16.636363636363637,8.166666666666668,10,10,15.625
PSL,1527587,2026-04-24,2026,Hyderabad Kingsmen,Islamabad United,0,0,0,-3,80,95,83,40,10,2,47,13,8,34,36,2,5,8,5.052631578947368,0.8421052631578947,0.49473684210526314,0.325,2,5.666666666666666,2.4000000000000004,2.075,0.08421052631578947,2.4000000000000004,5.666666666666666,8,13,79.6875
PSL,1527587,2026-04-24,2026,Islamabad United,Hyderabad Kingsmen,1,1,0,3,83,40,80,95,2,10,13,47,13,78,36,0,0,8,12.450000000000001,2.075,0.325,0.49473684210526314,10,13.0,,0.8421052631578947,0.325,,13.0,8,11,67.1875
PSL,1527588,2026-04-25,2026,Quetta Gladiators,Karachi Kings,0,0,0,-4,195,120,199,111,6,1,35,27,27,58,36,45,30,7,9.75,1.625,0.2916666666666667,0.24324324324324326,1,9.666666666666668,9.0,1.7927927927927927,0.225,9.0,9.666666666666668,7,10,15.625
PSL,1527588,2026-04-25,2026,Karachi Kings,Quetta Gladiators,1,1,0,4,199,111,195,120,1,6,27,35,30,63,36,48,21,7,10.756756756756756,1.7927927927927927,0.24324324324324326,0.2916666666666667,6,10.5,13.714285714285714,1.625,0.2702702702702703,13.714285714285714,10.5,7,10,15.625
PSL,1527589,2026-04-25,2026,Peshawar Zalmi,Lahore Qalandars,0,0,0,-1,199,120,200,117,4,4,37,37,29,43,36,70,30,4,9.950000000000001,1.6583333333333334,0.30833333333333335,0.3162393162393162,4,7.166666666666666,14.0,1.7094017094017093,0.24166666666666667,14.0,7.166666666666666,4,11,100.0
PSL,1527589,2026-04-25,2026,Lahore Qalandars,Peshawar Zalmi,1,1,0,1,200,117,199,120,4,4,37,37,28,64,36,53,27,4,10.256410256410255,1.7094017094017093,0.3162393162393162,0.30833333333333335,4,10.666666666666666,11.777777777777779,1.6583333333333334,0.23931623931623933,11.777777777777779,10.666666666666666,4,10,34.375
PSL,1527590,2026-04-26,2026,Hyderabad Kingsmen,Rawalpindiz,1,0,0,108,244,120,136,103,6,10,28,31,37,78,36,69,30,13,12.2,2.033333333333333,0.23333333333333334,0.30097087378640774,10,13.0,13.799999999999999,1.3203883495145632,0.30833333333333335,13.799999999999999,13.0,13,13,79.6875
PSL,1527590,2026-04-26,2026,Rawalpindiz,Hyderabad Kingsmen,0,1,0,-108,136,103,244,120,10,6,31,28,17,57,36,10,13,13,7.922330097087379,1.3203883495145632,0.30097087378640774,0.23333333333333334,6,9.5,4.615384615384616,2.033333333333333,0.1650485436893204,4.615384615384616,9.5,13,10,3.125
PSL,1527591,2026-04-26,2026,Multan Sultans,Islamabad United,0,0,0,-1,192,120,193,112,7,6,34,40,25,60,36,67,30,12,9.600000000000001,1.6,0.2833333333333333,0.35714285714285715,6,10.0,13.4,1.7232142857142858,0.20833333333333334,13.4,10.0,12,11,57.8125
PSL,1527591,2026-04-26,2026,Islamabad United,Multan Sultans,1,1,0,1,193,112,192,120,6,7,40,34,29,55,36,45,22,12,10.339285714285715,1.7232142857142858,0.35714285714285715,0.2833333333333333,7,9.166666666666666,12.272727272727273,1.6,0.25892857142857145,12.272727272727273,9.166666666666666,12,11,67.1875
PSL,1527592,2026-04-28,2026,Peshawar Zalmi,Islamabad United,1,0,0,70,221,120,151,112,7,10,36,46,33,68,36,64,30,15,11.049999999999999,1.8416666666666666,0.3,0.4107142857142857,10,11.333333333333332,12.8,1.3482142857142858,0.275,12.8,11.333333333333332,15,11,100.0
PSL,1527592,2026-04-28,2026,Islamabad United,Peshawar Zalmi,0,1,0,-70,151,112,221,120,10,7,46,36,20,64,36,25,22,15,8.089285714285715,1.3482142857142858,0.4107142857142857,0.3,7,10.666666666666666,6.818181818181818,1.8416666666666666,0.17857142857142858,6.818181818181818,10.666666666666666,15,11,67.1875
PSL,1527593,2026-04-29,2026,Multan Sultans,Hyderabad Kingsmen,0,0,0,-3,159,120,162,92,9,2,47,23,18,47,36,56,30,7,7.949999999999999,1.325,0.39166666666666666,0.25,2,7.833333333333334,11.2,1.7608695652173914,0.15,11.2,7.833333333333334,7,11,57.8125
PSL,1527593,2026-04-29,2026,Hyderabad Kingsmen,Multan Sultans,1,1,0,3,162,92,159,120,2,9,23,47,21,67,36,5,2,7,10.565217391304348,1.7608695652173914,0.25,0.39166666666666666,9,11.166666666666668,15.0,1.325,0.22826086956521738,15.0,11.166666666666668,7,13,79.6875
PSL,1527594,2026-05-01,2026,Hyderabad Kingsmen,Islamabad United,1,0,1,2,186,120,184,120,5,7,38,32,28,54,36,65,30,11,9.3,1.55,0.31666666666666665,0.26666666666666666,7,9.0,13.0,1.5333333333333334,0.23333333333333334,13.0,9.0,11,13,79.6875
PSL,1527594,2026-05-01,2026,Islamabad United,Hyderabad Kingsmen,0,1,1,-2,184,120,186,120,7,5,32,38,24,46,36,58,30,11,9.200000000000001,1.5333333333333334,0.26666666666666666,0.31666666666666665,5,7.666666666666666,11.6,1.55,0.2,11.6,7.666666666666666,11,11,67.1875
PSL,1527595,2026-05-03,2026,Hyderabad Kingsmen,Peshawar Zalmi,0,0,0,-1,129,108,130,92,10,5,52,39,18,69,36,14,18,14,7.166666666666666,1.1944444444444444,0.48148148148148145,0.42391304347826086,5,11.5,4.666666666666667,1.4130434782608696,0.16666666666666666,4.666666666666667,11.5,14,13,79.6875
PSL,1527595,2026-05-03,2026,Peshawar Zalmi,Hyderabad Kingsmen,1,1,0,1,130,92,129,108,5,10,39,52,21,53,36,5,2,14,8.478260869565219,1.4130434782608696,0.42391304347826086,0.48148148148148145,10,8.833333333333334,15.0,1.1944444444444444,0.22826086956521738,15.0,8.833333333333334,14,11,100.0
PSL,959175,2016-02-04,2015/16,Islamabad United,Quetta Gladiators,0,0,0,-4,128,120,132,96,7,2,59,37,14,22,36,64,30,5,6.4,1.0666666666666667,0.49166666666666664,0.3854166666666667,2,3.666666666666667,12.8,1.375,0.11666666666666667,12.8,3.666666666666667,5,11,52.34375
PSL,959175,2016-02-04,2015/16,Quetta Gladiators,Islamabad United,1,1,0,4,132,96,128,120,2,7,37,59,18,58,36,13,6,5,8.25,1.375,0.3854166666666667,0.49166666666666664,7,9.666666666666668,13.0,1.0666666666666667,0.1875,13.0,9.666666666666668,5,10,94.53125
PSL,959177,2016-02-05,2015/16,Lahore Qalandars,Karachi Kings,0,0,0,-6,125,120,131,95,8,3,46,44,11,38,36,36,30,5,6.25,1.0416666666666667,0.38333333333333336,0.4631578947368421,3,6.333333333333334,7.199999999999999,1.3789473684210527,0.09166666666666666,7.199999999999999,6.333333333333334,5,8,22.65625
PSL,959177,2016-02-05,2015/16,Karachi Kings,Lahore Qalandars,1,1,0,6,131,95,125,120,3,8,44,46,18,57,36,13,5,5,8.273684210526316,1.3789473684210527,0.4631578947368421,0.38333333333333336,8,9.5,15.600000000000001,1.0416666666666667,0.18947368421052632,15.600000000000001,9.5,5,8,10.15625
PSL,959179,2016-02-05,2015/16,Peshawar Zalmi,Islamabad United,1,0,0,24,145,120,121,120,7,9,44,58,13,34,36,49,30,10,7.25,1.2083333333333333,0.36666666666666664,0.48333333333333334,9,5.666666666666666,9.8,1.0083333333333333,0.10833333333333334,9.8,5.666666666666666,10,9,64.84375
PSL,959179,2016-02-05,2015/16,Islamabad United,Peshawar Zalmi,0,1,0,-24,121,120,145,120,9,7,58,44,12,41,36,31,30,10,6.05,1.0083333333333333,0.48333333333333334,0.36666666666666664,7,6.833333333333333,6.200000000000001,1.2083333333333333,0.1,6.200000000000001,6.833333333333333,10,11,52.34375
PSL,959181,2016-02-06,2015/16,Karachi Kings,Quetta Gladiators,0,0,0,-6,147,120,153,104,7,2,39,32,12,30,36,52,30,6,7.3500000000000005,1.225,0.325,0.3076923076923077,2,5.0,10.4,1.4711538461538463,0.1,10.4,5.0,6,8,10.15625
PSL,959181,2016-02-06,2015/16,Quetta Gladiators,Karachi Kings,1,1,0,6,153,104,147,120,2,7,32,39,18,39,36,24,14,6,8.826923076923077,1.4711538461538463,0.3076923076923077,0.325,7,6.5,10.285714285714285,1.225,0.17307692307692307,10.285714285714285,6.5,6,10,94.53125
PSL,959183,2016-02-06,2015/16,Lahore Qalandars,Peshawar Zalmi,0,0,0,-1,117,120,118,96,6,1,55,39,12,27,36,50,30,5,5.85,0.975,0.4583333333333333,0.40625,1,4.5,10.0,1.2291666666666667,0.1,10.0,4.5,5,8,22.65625
PSL,959183,2016-02-06,2015/16,Peshawar Zalmi,Lahore Qalandars,1,1,0,1,118,96,117,120,1,6,39,55,13,43,36,7,6,5,7.375,1.2291666666666667,0.40625,0.4583333333333333,6,7.166666666666666,7.0,0.975,0.13541666666666666,7.0,7.166666666666666,5,9,64.84375
PSL,959185,2016-02-07,2015/16,Islamabad United,Karachi Kings,1,0,1,2,132,120,130,120,8,9,51,49,12,49,36,41,30,6,6.6000000000000005,1.1,0.425,0.4083333333333333,9,8.166666666666668,8.2,1.0833333333333333,0.1,8.2,8.166666666666668,6,11,52.34375
PSL,959185,2016-02-07,2015/16,Karachi Kings,Islamabad United,0,1,1,-2,130,120,132,120,9,8,49,51,14,35,36,43,30,6,6.5,1.0833333333333333,0.4083333333333333,0.425,8,5.833333333333333,8.6,1.1,0.11666666666666667,8.6,5.833333333333333,6,8,10.15625
PSL,959187,2016-02-07,2015/16,Peshawar Zalmi,Quetta Gladiators,0,0,1,-4,135,120,139,119,7,7,52,46,10,29,36,59,30,12,6.75,1.125,0.43333333333333335,0.3865546218487395,7,4.833333333333334,11.799999999999999,1.1680672268907564,0.08333333333333333,11.799999999999999,4.833333333333334,12,9,64.84375
PSL,959187,2016-02-07,2015/16,Quetta Gladiators,Peshawar Zalmi,1,1,1,4,139,119,135,120,7,7,46,52,14,44,36,38,29,12,7.008403361344538,1.1680672268907564,0.3865546218487395,0.43333333333333335,7,7.333333333333334,7.862068965517241,1.125,0.11764705882352941,7.862068965517241,7.333333333333334,12,10,94.53125
PSL,959189,2016-02-08,2015/16,Lahore Qalandars,Quetta Gladiators,1,0,0,63,194,120,131,98,3,10,42,35,28,34,36,58,30,11,9.7,1.6166666666666667,0.35,0.35714285714285715,10,5.666666666666666,11.6,1.336734693877551,0.23333333333333334,11.6,5.666666666666666,11,8,22.65625
PSL,959189,2016-02-08,2015/16,Quetta Gladiators,Lahore Qalandars,0,1,0,-63,131,98,194,120,10,3,35,42,15,42,36,7,8,11,8.020408163265307,1.336734693877551,0.35714285714285715,0.35,3,7.0,5.25,1.6166666666666667,0.15306122448979592,5.25,7.0,11,10,94.53125
PSL,959191,2016-02-10,2015/16,Lahore Qalandars,Islamabad United,0,0,0,-3,166,120,169,95,6,2,43,36,21,46,36,58,30,3,8.3,1.3833333333333333,0.35833333333333334,0.37894736842105264,2,7.666666666666666,11.6,1.7789473684210526,0.175,11.6,7.666666666666666,3,8,22.65625
PSL,959191,2016-02-10,2015/16,Islamabad United,Lahore Qalandars,1,1,0,3,169,95,166,120,2,6,36,43,23,58,36,12,5,3,10.673684210526316,1.7789473684210526,0.37894736842105264,0.35833333333333334,6,9.666666666666668,14.399999999999999,1.3833333333333333,0.24210526315789474,14.399999999999999,9.666666666666668,3,11,52.34375
PSL,959195,2016-02-11,2015/16,Islamabad United,Quetta Gladiators,0,0,0,-1,117,115,118,97,10,3,52,33,11,54,36,27,25,8,6.104347826086956,1.017391304347826,0.45217391304347826,0.3402061855670103,3,9.0,6.48,1.2164948453608246,0.09565217391304348,6.48,9.0,8,11,52.34375
PSL,959195,2016-02-11,2015/16,Quetta Gladiators,Islamabad United,1,1,0,1,118,97,117,115,3,10,33,52,13,46,36,9,7,8,7.298969072164947,1.2164948453608246,0.3402061855670103,0.45217391304347826,10,7.666666666666666,7.714285714285715,1.017391304347826,0.13402061855670103,7.714285714285715,7.666666666666666,8,10,94.53125
PSL,959197,2016-02-12,2015/16,Karachi Kings,Lahore Qalandars,1,0,0,27,178,120,151,120,5,8,37,42,18,49,36,67,30,10,8.9,1.4833333333333334,0.30833333333333335,0.35,8,8.166666666666668,13.4,1.2583333333333333,0.15,13.4,8.166666666666668,10,8,10.15625
PSL,959197,2016-02-12,2015/16,Lahore Qalandars,Karachi Kings,0,1,0,-27,151,120,178,120,8,5,42,37,18,43,36,31,30,10,7.55,1.2583333333333333,0.35,0.30833333333333335,5,7.166666666666666,6.200000000000001,1.4833333333333334,0.15,6.200000000000001,7.166666666666666,10,8,22.65625
PSL,959199,2016-02-12,2015/16,Islamabad United,Peshawar Zalmi,0,0,0,-1,152,120,153,111,6,3,48,39,18,36,36,38,30,7,7.6,1.2666666666666666,0.4,0.35135135135135137,3,6.0,7.6,1.3783783783783783,0.15,7.6,6.0,7,11,52.34375
PSL,959199,2016-02-12,2015/16,Peshawar Zalmi,Islamabad United,1,1,0,1,153,111,152,120,3,6,39,48,19,48,36,32,21,7,8.27027027027027,1.3783783783783783,0.35135135135135137,0.4,6,8.0,9.142857142857142,1.2666666666666666,0.17117117117117117,9.142857142857142,8.0,7,9,64.84375
PSL,959201,2016-02-13,2015/16,Karachi Kings,Quetta Gladiators,0,0,0,-1,126,120,127,113,9,5,43,44,12,49,36,29,30,5,6.300000000000001,1.05,0.35833333333333334,0.3893805309734513,5,8.166666666666668,5.8,1.1238938053097345,0.1,5.8,8.166666666666668,5,8,10.15625
PSL,959201,2016-02-13,2015/16,Quetta Gladiators,Karachi Kings,1,1,0,1,127,113,126,120,5,9,44,43,12,47,36,23,23,5,6.743362831858407,1.1238938053097345,0.3893805309734513,0.35833333333333334,9,7.833333333333334,6.0,1.05,0.10619469026548672,6.0,7.833333333333334,5,10,94.53125
PSL,959203,2016-02-13,2015/16,Lahore Qalandars,Peshawar Zalmi,1,0,1,4,164,120,160,120,3,7,33,41,18,41,36,51,30,7,8.2,1.3666666666666667,0.275,0.3416666666666667,7,6.833333333333333,10.2,1.3333333333333333,0.15,10.2,6.833333333333333,7,8,22.65625
PSL,959203,2016-02-13,2015/16,Peshawar Zalmi,Lahore Qalandars,0,1,1,-4,160,120,164,120,7,3,41,33,17,54,36,37,30,7,8.0,1.3333333333333333,0.3416666666666667,0.275,3,9.0,7.4,1.3666666666666667,0.14166666666666666,7.4,9.0,7,9,64.84375
PSL,959205,2016-02-14,2015/16,Karachi Kings,Islamabad United,0,0,0,-3,128,120,131,113,5,5,43,57,12,32,36,40,30,7,6.4,1.0666666666666667,0.35833333333333334,0.504424778761062,5,5.333333333333333,8.0,1.1592920353982301,0.1,8.0,5.333333333333333,7,8,10.15625
PSL,959205,2016-02-14,2015/16,Islamabad United,Karachi Kings,1,1,0,3,131,113,128,120,5,5,57,43,17,32,36,42,23,7,6.955752212389381,1.1592920353982301,0.504424778761062,0.35833333333333334,5,5.333333333333333,10.956521739130434,1.0666666666666667,0.1504424778761062,10.956521739130434,5.333333333333333,7,11,52.34375
PSL,959207,2016-02-14,2015/16,Quetta Gladiators,Peshawar Zalmi,0,0,0,-1,129,108,130,112,10,2,53,37,13,44,36,27,18,6,7.166666666666666,1.1944444444444444,0.49074074074074076,0.33035714285714285,2,7.333333333333334,9.0,1.1607142857142858,0.12037037037037036,9.0,7.333333333333334,6,10,94.53125
PSL,959207,2016-02-14,2015/16,Peshawar Zalmi,Quetta Gladiators,1,1,0,1,130,112,129,108,2,10,37,53,13,41,36,23,22,6,6.964285714285715,1.1607142857142858,0.33035714285714285,0.49074074074074076,10,6.833333333333333,6.2727272727272725,1.1944444444444444,0.11607142857142858,6.2727272727272725,6.833333333333333,6,9,64.84375
PSL,959209,2016-02-16,2015/16,Lahore Qalandars,Quetta Gladiators,0,0,1,-2,201,120,203,120,2,8,37,29,29,61,36,60,30,7,10.05,1.675,0.30833333333333335,0.24166666666666667,8,10.166666666666666,12.0,1.6916666666666667,0.24166666666666667,12.0,10.166666666666666,7,8,22.65625
PSL,959209,2016-02-16,2015/16,Quetta Gladiators,Lahore Qalandars,1,1,1,2,203,120,201,120,8,2,29,37,29,77,36,46,30,7,10.15,1.6916666666666667,0.24166666666666667,0.30833333333333335,2,12.833333333333332,9.200000000000001,1.675,0.24166666666666667,9.200000000000001,12.833333333333332,7,10,94.53125
PSL,959211,2016-02-17,2015/16,Karachi Kings,Peshawar Zalmi,0,0,0,-6,152,120,158,111,7,5,43,38,15,42,36,39,30,5,7.6,1.2666666666666666,0.35833333333333334,0.34234234234234234,5,7.0,7.800000000000001,1.4234234234234233,0.125,7.800000000000001,7.0,5,8,10.15625
PSL,959211,2016-02-17,2015/16,Peshawar Zalmi,Karachi Kings,1,1,0,6,158,111,152,120,5,7,38,43,21,32,36,60,21,5,8.54054054054054,1.4234234234234233,0.34234234234234234,0.35833333333333334,7,5.333333333333333,17.142857142857142,1.2666666666666666,0.1891891891891892,17.142857142857142,5.333333333333333,5,9,64.84375
PSL,959213,2016-02-17,2015/16,Lahore Qalandars,Islamabad United,0,0,0,-1,150,120,151,114,5,5,46,35,16,28,36,60,30,6,7.5,1.25,0.38333333333333336,0.30701754385964913,5,4.666666666666667,12.0,1.3245614035087718,0.13333333333333333,12.0,4.666666666666667,6,8,22.65625
PSL,959213,2016-02-17,2015/16,Islamabad United,Lahore Qalandars,1,1,0,1,151,114,150,120,5,5,35,46,20,48,36,32,24,6,7.947368421052631,1.3245614035087718,0.30701754385964913,0.38333333333333336,5,8.0,8.0,1.25,0.17543859649122806,8.0,8.0,6,11,52.34375
PSL,959215,2016-02-19,2015/16,Quetta Gladiators,Peshawar Zalmi,1,0,1,1,133,117,132,120,10,9,54,58,17,35,36,22,27,12,6.82051282051282,1.1367521367521367,0.46153846153846156,0.48333333333333334,9,5.833333333333333,4.888888888888888,1.1,0.1452991452991453,4.888888888888888,5.833333333333333,12,10,94.53125
PSL,959215,2016-02-19,2015/16,Peshawar Zalmi,Quetta Gladiators,0,1,1,-1,132,120,133,117,9,10,58,54,17,32,36,48,30,12,6.6000000000000005,1.1,0.48333333333333334,0.46153846153846156,10,5.333333333333333,9.600000000000001,1.1367521367521367,0.14166666666666666,9.600000000000001,5.333333333333333,12,9,64.84375
PSL,959217,2016-02-20,2015/16,Karachi Kings,Islamabad United,0,0,0,-4,111,120,115,86,9,1,55,35,9,29,36,30,30,8,5.550000000000001,0.925,0.4583333333333333,0.4069767441860465,1,4.833333333333334,6.0,1.3372093023255813,0.075,6.0,4.833333333333334,8,8,10.15625
PSL,959217,2016-02-20,2015/16,Islamabad United,Karachi Kings,1,1,0,4,115,86,111,120,1,9,35,55,17,38,36,0,0,8,8.023255813953488,1.3372093023255813,0.4069767441860465,0.4583333333333333,9,6.333333333333334,,0.925,0.19767441860465115,,6.333333333333334,8,11,52.34375
PSL,959219,2016-02-21,2015/16,Islamabad United,Peshawar Zalmi,1,0,0,50,176,120,126,108,3,10,42,52,23,36,36,46,30,7,8.799999999999999,1.4666666666666666,0.35,0.48148148148148145,10,6.0,9.200000000000001,1.1666666666666667,0.19166666666666668,9.200000000000001,6.0,7,11,52.34375
PSL,959219,2016-02-21,2015/16,Peshawar Zalmi,Islamabad United,0,1,0,-50,126,108,176,120,10,3,52,42,16,34,36,25,18,7,7.0,1.1666666666666667,0.48148148148148145,0.35,3,5.666666666666666,8.333333333333332,1.4666666666666666,0.14814814814814814,8.333333333333332,5.666666666666666,7,9,64.84375
PSL,959221,2016-02-23,2015/16,Quetta Gladiators,Islamabad United,0,0,0,-1,174,120,175,112,7,4,41,35,24,36,36,45,30,8,8.7,1.45,0.3416666666666667,0.3125,4,6.0,9.0,1.5625,0.2,9.0,6.0,8,10,94.53125
PSL,959221,2016-02-23,2015/16,Islamabad United,Quetta Gladiators,1,1,0,1,175,112,174,120,4,7,35,41,24,55,36,38,22,8,9.375,1.5625,0.3125,0.3416666666666667,7,9.166666666666666,10.363636363636363,1.45,0.21428571428571427,10.363636363636363,9.166666666666666,8,11,52.34375
